이름,성별,현재 나이,연령대,거주 지역,차량 구매 횟수,고객 평생 가치,브랜드,모델명,기본가격,공장명
강주온,남,23,20대 중반,인천광역시,1,779930,현대,캐스퍼,23630000,앨라배마공장
김경수,남,42,40대 초반,광주광역시,5,23907120,현대,아이오닉9,68340000,인도공장
김경수,남,42,40대 초반,광주광역시,5,23907120,현대,그랜저,69630000,앨라배마공장
김경수,남,42,40대 초반,광주광역시,5,23907120,현대,투싼,18910000,브라질공장
김경수,남,42,40대 초반,광주광역시,5,23907120,현대,아이오닉6,52720000,인도네시아공장
김경수,남,42,40대 초반,광주광역시,5,23907120,현대,그랜저,63870000,전주공장
김다은,여,26,20대 중반,부산광역시,1,3442560,현대,펠리세이드,42340000,인도공장
김민수,남,65,60대 중반,전라남도 목포시,1,1793050,제네시스,G80,69860000,체코공장
김승현,남,55,50대 중반,경기도 수원시,1,1618320,현대,아반떼,41900000,앨라배마공장
김영철,남,66,60대 중반,울산광역시,1,1707140,현대,쏘나타,23040000,중국공장
김윤희,여,27,20대 후반,경기도 수원시,1,9762120,현대,스타리아,19740000,중국공장
김진수,남,45,40대 중반,인천광역시,1,7273000,제네시스,G80,21000000,울산공장
박민정,여,48,40대 후반,서울특별시,1,1417940,현대,쏘나타,51450000,인도네시아공장
박수연,여,35,30대 중반,경상남도 창원시,5,59155980,제네시스,G90,24950000,전주공장
박수연,여,35,30대 중반,경상남도 창원시,5,59155980,제네시스,G70,62980000,아산공장
박수연,여,35,30대 중반,경상남도 창원시,5,59155980,현대,그랜저,18790000,전주공장
박수연,여,35,30대 중반,경상남도 창원시,5,59155980,제네시스,G80,39350000,인도공장
박수연,여,35,30대 중반,경상남도 창원시,5,59155980,현대,스타리아,16890000,앨라배마공장
박영희,여,37,30대 후반,전라북도 전주시,2,2339680,현대,아이오닉6,23600000,인도공장
박영희,여,37,30대 후반,전라북도 전주시,2,2339680,현대,스타리아,24750000,앨라배마공장
박준석,남,28,20대 후반,충청북도 청주시,1,789590,제네시스,G80,41120000,중국공장
박지수,여,29,20대 후반,광주광역시,2,22925760,제네시스,G80,38630000,인도네시아공장
박지수,여,29,20대 후반,광주광역시,2,22925760,제네시스,G70,67250000,인도공장
박찬우,남,45,40대 중반,경기도 성남시,3,3404660,현대,투싼,50610000,중국공장
박찬우,남,45,40대 중반,경기도 성남시,3,3404660,현대,그랜저,19920000,튀르키예공장
박찬우,남,45,40대 중반,경기도 성남시,3,3404660,제네시스,GV70,30850000,싱가포르공장
이동훈,남,40,40대 초반,울산광역시,1,6288100,제네시스,G90,16610000,브라질공장
이상미,여,59,50대 후반,경상남도 창원시,1,19289940,현대,그랜저,18790000,전주공장
이상훈,남,51,50대 초반,서울특별시,1,4451150,현대,아이오닉9,16300000,인도공장
이상희,남,53,50대 중반,경상북도 포항시,1,2135600,제네시스,G90,16610000,브라질공장
이은지,남,37,30대 후반,부산광역시,1,9063600,제네시스,G90,64110000,울산공장
이정민,남,41,40대 초반,경기도 성남시,1,5693460,제네시스,G70,41130000,인도공장
이주호,남,38,30대 후반,서울특별시,5,232663600,현대,투싼,35270000,체코공장
이주호,남,38,30대 후반,서울특별시,5,232663600,현대,베뉴,59880000,울산공장
이주호,남,38,30대 후반,서울특별시,5,232663600,현대,투싼,18910000,브라질공장
이주호,남,38,30대 후반,서울특별시,5,232663600,현대,캐스퍼,66160000,울산공장
이주호,남,38,30대 후반,서울특별시,5,232663600,현대,투싼,18910000,브라질공장
이하늘,남,36,30대 중반,광주광역시,3,56667240,현대,아이오닉5,65510000,울산공장
이하늘,남,36,30대 중반,광주광역시,3,56667240,제네시스,GV80,25160000,울산공장
이하늘,남,36,30대 중반,광주광역시,3,56667240,현대,스타리아,56170000,튀르키예공장
이현주,여,53,50대 중반,전라북도 전주시,2,16866700,제네시스,GV80,18370000,앨라배마공장
이현주,여,53,50대 중반,전라북도 전주시,2,16866700,현대,쏘나타,63750000,튀르키예공장
정미래,여,54,50대 중반,경기도 성남시,2,25110480,제네시스,G90,34810000,전주공장
정미래,여,54,50대 중반,경기도 성남시,2,25110480,현대,캐스퍼,23630000,앨라배마공장
정미선,남,50,50대 초반,충청북도 청주시,1,3707500,현대,그랜저,63590000,튀르키예공장
정상훈,남,29,20대 후반,경상북도 포항시,1,9005100,제네시스,G80,28630000,튀르키예공장
정영철,남,40,40대 초반,서울특별시,1,1801800,현대,그랜저,18790000,전주공장
정은혜,여,24,20대 중반,서울특별시,1,60432340,제네시스,GV70,45730000,앨라배마공장
정지우,남,42,40대 초반,경기도 수원시,1,14854000,제네시스,G90,24950000,전주공장
정태수,남,63,60대 중반,서울특별시,1,82526840,제네시스,GV60,15340000,체코공장
정하윤,여,26,20대 중반,충청남도 천안시,2,583240,현대,그랜저,53840000,전주공장
정하윤,여,26,20대 중반,충청남도 천안시,2,583240,제네시스,G80,35610000,인도네시아공장
최강호,남,33,30대 중반,울산광역시,1,19609800,현대,펠리세이드,45050000,중국공장
최민우,남,48,40대 후반,경기도 성남시,1,23919180,현대,투싼,18910000,브라질공장
최영호,남,59,50대 후반,경기도 성남시,1,33400500,현대,아이오닉9,46710000,튀르키예공장
최지훈,남,47,40대 후반,충청남도 천안시,1,1063530,현대,투싼,41950000,아산공장
한서희,여,50,50대 초반,서울특별시,1,120375450,현대,쏘나타,46040000,인도네시아공장
한예빈,여,28,20대 후반,충청북도 청주시,1,9450400,제네시스,G90,57970000,울산공장
홍상훈,남,31,30대 초반,부산광역시,1,12571800,현대,아이오닉9,59260000,브라질공장
홍성우,남,26,20대 중반,울산광역시,2,65438010,현대,아이오닉6,67260000,인도공장
홍성우,남,26,20대 중반,울산광역시,2,65438010,현대,그랜저,25760000,전주공장
홍수진,남,55,50대 중반,인천광역시,1,15768270,현대,스타리아,19740000,중국공장
홍지민,남,45,40대 중반,경상북도 포항시,1,19548850,제네시스,G70,62980000,아산공장
김하윤,남,65,60대 중반,부산광역시,2,40145900,제네시스,G80,38630000,인도네시아공장
김하윤,남,65,60대 중반,부산광역시,2,40145900,현대,쏘나타,30700000,울산공장
이지원,여,66,60대 중반,경기도 수원시,1,26302080,현대,아이오닉9,44190000,울산공장
박미영,남,45,40대 중반,충청남도 천안시,1,10435320,제네시스,G80,38630000,인도네시아공장
이정수,남,29,20대 후반,울산광역시,5,225350960,현대,펠리세이드,33990000,인도네시아공장
이정수,남,29,20대 후반,울산광역시,5,225350960,현대,펠리세이드,43880000,체코공장
이정수,남,29,20대 후반,울산광역시,5,225350960,현대,아이오닉5,22690000,앨라배마공장
이정수,남,29,20대 후반,울산광역시,5,225350960,현대,펠리세이드,21460000,중국공장
이정수,남,29,20대 후반,울산광역시,5,225350960,현대,그랜저,54930000,체코공장
최현지,남,31,30대 초반,대구광역시,1,853680,제네시스,G70,53430000,울산공장
김도현,남,38,30대 후반,경상북도 포항시,4,158326860,제네시스,G80,39350000,인도공장
김도현,남,38,30대 후반,경상북도 포항시,4,158326860,현대,쏘나타,17000000,울산공장
김도현,남,38,30대 후반,경상북도 포항시,4,158326860,현대,아반떼,59930000,울산공장
김도현,남,38,30대 후반,경상북도 포항시,4,158326860,현대,스타리아,60550000,앨라배마공장
송성민,여,49,40대 후반,경기도 성남시,4,233523340,현대,쏘나타,45990000,울산공장
송성민,여,49,40대 후반,경기도 성남시,4,233523340,제네시스,GV80,52980000,체코공장
송성민,여,49,40대 후반,경기도 성남시,4,233523340,제네시스,G80,21000000,울산공장
송성민,여,49,40대 후반,경기도 성남시,4,233523340,현대,쏘나타,30700000,울산공장
김민지,남,27,20대 후반,경상북도 포항시,2,104216250,현대,베뉴,23700000,튀르키예공장
김민지,남,27,20대 후반,경상북도 포항시,2,104216250,현대,스타리아,44040000,전주공장
이성현,남,51,50대 초반,울산광역시,1,62330250,현대,펠리세이드,61580000,아산공장
박주원,남,69,60대 후반,인천광역시,5,119386350,제네시스,G80,35410000,중국공장
박주원,남,69,60대 후반,인천광역시,5,119386350,현대,아이오닉5,22690000,앨라배마공장
박주원,남,69,60대 후반,인천광역시,5,119386350,제네시스,G70,41130000,인도공장
박주원,남,69,60대 후반,인천광역시,5,119386350,현대,스타리아,60550000,앨라배마공장
박주원,남,69,60대 후반,인천광역시,5,119386350,현대,아이오닉5,65510000,울산공장
김민석,여,45,40대 중반,경기도 수원시,2,74441110,현대,펠리세이드,42340000,인도공장
김민석,여,45,40대 중반,경기도 수원시,2,74441110,제네시스,G90,48420000,싱가포르공장
조영순,여,45,40대 중반,울산광역시,2,155252840,현대,베뉴,59880000,울산공장
조영순,여,45,40대 중반,울산광역시,2,155252840,현대,쏘나타,30700000,울산공장
김옥자,여,58,50대 후반,대전광역시,1,837600,제네시스,G80,43240000,아산공장
정지영,여,48,40대 후반,전라북도 전주시,2,45124430,현대,스타리아,25820000,울산공장
정지영,여,48,40대 후반,전라북도 전주시,2,45124430,현대,펠리세이드,45050000,중국공장
최성호,남,63,60대 중반,대구광역시,5,18806760,현대,투싼,37780000,앨라배마공장
최성호,남,63,60대 중반,대구광역시,5,18806760,현대,아이오닉6,68900000,싱가포르공장
최성호,남,63,60대 중반,대구광역시,5,18806760,제네시스,G90,64110000,울산공장
최성호,남,63,60대 중반,대구광역시,5,18806760,현대,캐스퍼,66160000,울산공장
최성호,남,63,60대 중반,대구광역시,5,18806760,현대,그랜저,19920000,튀르키예공장
서은정,여,20,20대 초반,서울특별시,5,739692800,현대,그랜저,18790000,전주공장
서은정,여,20,20대 초반,서울특별시,5,739692800,현대,그랜저,15640000,튀르키예공장
서은정,여,20,20대 초반,서울특별시,5,739692800,현대,아이오닉6,19660000,아산공장
서은정,여,20,20대 초반,서울특별시,5,739692800,현대,그랜저,40680000,중국공장
서은정,여,20,20대 초반,서울특별시,5,739692800,현대,쏘나타,17000000,울산공장
구도현,남,40,40대 초반,대전광역시,2,19621940,제네시스,G90,57970000,울산공장
구도현,남,40,40대 초반,대전광역시,2,19621940,현대,펠리세이드,30280000,앨라배마공장
안민수,남,60,60대 초반,충청남도 천안시,1,25419240,제네시스,G70,30000000,전주공장
남예진,남,53,50대 중반,대구광역시,1,8837290,제네시스,G80,29780000,브라질공장
엄재현,남,26,20대 중반,충청남도 천안시,1,47520920,현대,펠리세이드,53900000,전주공장
서미정,여,64,60대 중반,대구광역시,3,51476510,현대,펠리세이드,61580000,아산공장
서미정,여,64,60대 중반,대구광역시,3,51476510,현대,그랜저,23780000,앨라배마공장
서미정,여,64,60대 중반,대구광역시,3,51476510,현대,아반떼,65560000,전주공장
김상훈,남,71,70대 초반,충청남도 천안시,4,267571500,현대,아이오닉6,19660000,아산공장
김상훈,남,71,70대 초반,충청남도 천안시,4,267571500,제네시스,G80,28630000,튀르키예공장
김상훈,남,71,70대 초반,충청남도 천안시,4,267571500,현대,캐스퍼,23630000,앨라배마공장
김상훈,남,71,70대 초반,충청남도 천안시,4,267571500,현대,아반떼,53400000,싱가포르공장
김정수,여,23,20대 중반,전라북도 전주시,4,132918100,현대,투싼,37780000,앨라배마공장
김정수,여,23,20대 중반,전라북도 전주시,4,132918100,제네시스,G80,21000000,울산공장
김정수,여,23,20대 중반,전라북도 전주시,4,132918100,현대,아반떼,59930000,울산공장
김정수,여,23,20대 중반,전라북도 전주시,4,132918100,현대,아반떼,41900000,앨라배마공장
김미경,남,41,40대 초반,경기도 수원시,2,108680080,현대,아반떼,65560000,전주공장
김미경,남,41,40대 초반,경기도 수원시,2,108680080,현대,스타리아,60550000,앨라배마공장
김은영,여,47,40대 후반,충청북도 청주시,3,87095400,현대,스타리아,19740000,중국공장
김은영,여,47,40대 후반,충청북도 청주시,3,87095400,현대,아이오닉9,59260000,브라질공장
김은영,여,47,40대 후반,충청북도 청주시,3,87095400,현대,아이오닉5,22690000,앨라배마공장
진아름,여,24,20대 중반,부산광역시,4,129837440,현대,아이오닉9,49440000,아산공장
진아름,여,24,20대 중반,부산광역시,4,129837440,현대,아반떼,20020000,튀르키예공장
진아름,여,24,20대 중반,부산광역시,4,129837440,현대,아반떼,25280000,인도네시아공장
진아름,여,24,20대 중반,부산광역시,4,129837440,현대,베뉴,59880000,울산공장
손병철,남,50,50대 초반,서울특별시,2,393492330,제네시스,G70,62980000,아산공장
손병철,남,50,50대 초반,서울특별시,2,393492330,제네시스,G80,35610000,인도네시아공장
윤경희,남,52,50대 초반,경상남도 창원시,5,155319720,현대,그랜저,67760000,브라질공장
윤경희,남,52,50대 초반,경상남도 창원시,5,155319720,현대,펠리세이드,33990000,인도네시아공장
윤경희,남,52,50대 초반,경상남도 창원시,5,155319720,제네시스,G70,41130000,인도공장
윤경희,남,52,50대 초반,경상남도 창원시,5,155319720,제네시스,G80,17410000,인도공장
윤경희,남,52,50대 초반,경상남도 창원시,5,155319720,현대,아이오닉5,65510000,울산공장
이정자,여,21,20대 초반,충청남도 천안시,5,425944750,현대,투싼,29950000,튀르키예공장
이정자,여,21,20대 초반,충청남도 천안시,5,425944750,제네시스,GV60,15340000,체코공장
이정자,여,21,20대 초반,충청남도 천안시,5,425944750,현대,그랜저,18790000,전주공장
이정자,여,21,20대 초반,충청남도 천안시,5,425944750,제네시스,G70,67250000,인도공장
이정자,여,21,20대 초반,충청남도 천안시,5,425944750,제네시스,G80,35610000,인도네시아공장
김현준,남,68,60대 후반,대구광역시,4,104484870,현대,쏘나타,17000000,울산공장
김현준,남,68,60대 후반,대구광역시,4,104484870,현대,아반떼,41900000,앨라배마공장
김현준,남,68,60대 후반,대구광역시,4,104484870,현대,펠리세이드,33990000,인도네시아공장
김현준,남,68,60대 후반,대구광역시,4,104484870,현대,아이오닉9,46710000,튀르키예공장
최채원,남,67,60대 후반,경상북도 포항시,3,269764560,제네시스,G90,48420000,싱가포르공장
최채원,남,67,60대 후반,경상북도 포항시,3,269764560,제네시스,G90,64110000,울산공장
최채원,남,67,60대 후반,경상북도 포항시,3,269764560,현대,아이오닉6,68900000,싱가포르공장
최정호,남,38,30대 후반,부산광역시,3,138270020,제네시스,GV70,54430000,울산공장
최정호,남,38,30대 후반,부산광역시,3,138270020,현대,펠리세이드,45050000,중국공장
최정호,남,38,30대 후반,부산광역시,3,138270020,현대,아이오닉6,19660000,아산공장
김지훈,남,50,50대 초반,전라북도 전주시,1,49669860,현대,그랜저,25760000,전주공장
장정식,남,40,40대 초반,경기도 수원시,5,348805800,제네시스,GV70,49610000,아산공장
장정식,남,40,40대 초반,경기도 수원시,5,348805800,현대,펠리세이드,53900000,전주공장
장정식,남,40,40대 초반,경기도 수원시,5,348805800,현대,아반떼,65560000,전주공장
장정식,남,40,40대 초반,경기도 수원시,5,348805800,현대,베뉴,59880000,울산공장
장정식,남,40,40대 초반,경기도 수원시,5,348805800,현대,스타리아,63430000,앨라배마공장
심성호,여,55,50대 중반,대전광역시,3,73246250,제네시스,G80,39350000,인도공장
심성호,여,55,50대 중반,대전광역시,3,73246250,현대,아이오닉5,65510000,울산공장
심성호,여,55,50대 중반,대전광역시,3,73246250,제네시스,G70,41130000,인도공장
안경수,남,48,40대 후반,대구광역시,2,96506130,현대,투싼,18910000,브라질공장
안경수,남,48,40대 후반,대구광역시,2,96506130,현대,펠리세이드,53900000,전주공장
황민재,남,62,60대 초반,전라남도 목포시,3,15462720,현대,스타리아,33060000,싱가포르공장
황민재,남,62,60대 초반,전라남도 목포시,3,15462720,현대,쏘나타,63750000,튀르키예공장
황민재,남,62,60대 초반,전라남도 목포시,3,15462720,현대,펠리세이드,61580000,아산공장
김혜진,남,28,20대 후반,서울특별시,1,267537500,현대,투싼,67480000,브라질공장
김서준,남,71,70대 초반,경상남도 창원시,2,125054970,현대,캐스퍼,20630000,체코공장
김서준,남,71,70대 초반,경상남도 창원시,2,125054970,제네시스,G90,16610000,브라질공장
강서영,여,31,30대 초반,서울특별시,2,662985180,현대,투싼,67480000,브라질공장
강서영,여,31,30대 초반,서울특별시,2,662985180,현대,아반떼,59930000,울산공장
김지원,남,67,60대 후반,광주광역시,5,155305240,제네시스,G70,53430000,울산공장
김지원,남,67,60대 후반,광주광역시,5,155305240,현대,아이오닉9,16300000,인도공장
김지원,남,67,60대 후반,광주광역시,5,155305240,제네시스,G80,35610000,인도네시아공장
김지원,남,67,60대 후반,광주광역시,5,155305240,제네시스,GV60,15340000,체코공장
김지원,남,67,60대 후반,광주광역시,5,155305240,현대,캐스퍼,42900000,브라질공장
구영자,여,53,50대 중반,서울특별시,5,29778980,현대,아이오닉6,52720000,인도네시아공장
구영자,여,53,50대 중반,서울특별시,5,29778980,현대,스타리아,25820000,울산공장
구영자,여,53,50대 중반,서울특별시,5,29778980,현대,아이오닉9,68340000,인도공장
구영자,여,53,50대 중반,서울특별시,5,29778980,제네시스,G80,17410000,인도공장
구영자,여,53,50대 중반,서울특별시,5,29778980,제네시스,GV70,49610000,아산공장
장숙자,여,48,40대 후반,울산광역시,2,201768660,현대,펠리세이드,43880000,체코공장
장숙자,여,48,40대 후반,울산광역시,2,201768660,현대,베뉴,59880000,울산공장
최순자,남,49,40대 후반,광주광역시,2,121495950,제네시스,G80,22750000,전주공장
최순자,남,49,40대 후반,광주광역시,2,121495950,현대,아이오닉6,67260000,인도공장
류정숙,여,40,40대 초반,부산광역시,2,163029090,현대,그랜저,63870000,전주공장
류정숙,여,40,40대 초반,부산광역시,2,163029090,제네시스,G70,53430000,울산공장
김영진,남,43,40대 중반,충청북도 청주시,5,286416710,현대,캐스퍼,42900000,브라질공장
김영진,남,43,40대 중반,충청북도 청주시,5,286416710,현대,아이오닉6,68900000,싱가포르공장
김영진,남,43,40대 중반,충청북도 청주시,5,286416710,현대,투싼,18910000,브라질공장
김영진,남,43,40대 중반,충청북도 청주시,5,286416710,현대,펠리세이드,45050000,중국공장
김영진,남,43,40대 중반,충청북도 청주시,5,286416710,현대,투싼,35270000,체코공장
박옥자,남,28,20대 후반,광주광역시,4,332207600,현대,스타리아,42470000,튀르키예공장
박옥자,남,28,20대 후반,광주광역시,4,332207600,현대,쏘나타,42730000,인도네시아공장
박옥자,남,28,20대 후반,광주광역시,4,332207600,현대,아이오닉9,68340000,인도공장
박옥자,남,28,20대 후반,광주광역시,4,332207600,현대,펠리세이드,43880000,체코공장
윤경숙,여,28,20대 후반,광주광역시,4,510513900,현대,펠리세이드,61580000,아산공장
윤경숙,여,28,20대 후반,광주광역시,4,510513900,제네시스,G90,64110000,울산공장
윤경숙,여,28,20대 후반,광주광역시,4,510513900,현대,스타리아,24750000,앨라배마공장
윤경숙,여,28,20대 후반,광주광역시,4,510513900,제네시스,G80,21000000,울산공장
김지영,남,54,50대 중반,울산광역시,3,425423040,제네시스,G80,69860000,체코공장
김지영,남,54,50대 중반,울산광역시,3,425423040,현대,투싼,37780000,앨라배마공장
김지영,남,54,50대 중반,울산광역시,3,425423040,현대,아반떼,25280000,인도네시아공장
이상현,여,69,60대 후반,서울특별시,3,1131820980,제네시스,G80,69860000,체코공장
이상현,여,69,60대 후반,서울특별시,3,1131820980,현대,아이오닉9,44190000,울산공장
이상현,여,69,60대 후반,서울특별시,3,1131820980,현대,아이오닉6,67260000,인도공장
김하은,남,39,30대 후반,부산광역시,5,506836920,현대,스타리아,42470000,튀르키예공장
김하은,남,39,30대 후반,부산광역시,5,506836920,현대,스타리아,56170000,튀르키예공장
김하은,남,39,30대 후반,부산광역시,5,506836920,현대,그랜저,35620000,체코공장
김하은,남,39,30대 후반,부산광역시,5,506836920,현대,쏘나타,42310000,울산공장
김하은,남,39,30대 후반,부산광역시,5,506836920,현대,투싼,59740000,앨라배마공장
류건우,여,62,60대 초반,충청북도 청주시,2,156763400,현대,아반떼,65560000,전주공장
류건우,여,62,60대 초반,충청북도 청주시,2,156763400,현대,아이오닉6,52720000,인도네시아공장
손지영,남,25,20대 중반,인천광역시,4,207196000,현대,투싼,59740000,앨라배마공장
손지영,남,25,20대 중반,인천광역시,4,207196000,현대,쏘나타,17000000,울산공장
손지영,남,25,20대 중반,인천광역시,4,207196000,제네시스,GV70,45730000,앨라배마공장
손지영,남,25,20대 중반,인천광역시,4,207196000,현대,아반떼,25280000,인도네시아공장
김경희,남,42,40대 초반,경기도 성남시,2,158179560,현대,스타리아,42470000,튀르키예공장
김경희,남,42,40대 초반,경기도 성남시,2,158179560,현대,그랜저,23780000,앨라배마공장
김유진,남,37,30대 후반,인천광역시,5,334759960,현대,스타리아,33060000,싱가포르공장
김유진,남,37,30대 후반,인천광역시,5,334759960,현대,아이오닉5,38910000,앨라배마공장
김유진,남,37,30대 후반,인천광역시,5,334759960,현대,펠리세이드,27670000,전주공장
김유진,남,37,30대 후반,인천광역시,5,334759960,현대,펠리세이드,61580000,아산공장
김유진,남,37,30대 후반,인천광역시,5,334759960,현대,쏘나타,23040000,중국공장
장현정,여,50,50대 초반,경기도 수원시,2,181467000,제네시스,GV70,25210000,체코공장
장현정,여,50,50대 초반,경기도 수원시,2,181467000,현대,투싼,50610000,중국공장
서정순,남,41,40대 초반,광주광역시,1,181594000,현대,그랜저,25760000,전주공장
차상호,남,26,20대 중반,경상북도 포항시,2,223217910,현대,아이오닉6,68900000,싱가포르공장
차상호,남,26,20대 중반,경상북도 포항시,2,223217910,제네시스,G90,34810000,전주공장
안주원,여,38,30대 후반,충청남도 천안시,2,245808000,제네시스,GV70,49610000,아산공장
안주원,여,38,30대 후반,충청남도 천안시,2,245808000,제네시스,G80,69860000,체코공장
이현숙,남,48,40대 후반,광주광역시,1,245412860,현대,아이오닉6,45920000,싱가포르공장
윤예원,남,38,30대 후반,울산광역시,2,376727810,현대,그랜저,63870000,전주공장
윤예원,남,38,30대 후반,울산광역시,2,376727810,제네시스,GV60,15340000,체코공장
이영진,남,44,40대 중반,대구광역시,4,244111560,현대,투싼,67580000,울산공장
이영진,남,44,40대 중반,대구광역시,4,244111560,현대,아이오닉9,44190000,울산공장
이영진,남,44,40대 중반,대구광역시,4,244111560,제네시스,G80,35610000,인도네시아공장
이영진,남,44,40대 중반,대구광역시,4,244111560,현대,펠리세이드,53900000,전주공장
김정훈,남,34,30대 중반,경상남도 창원시,2,155922300,제네시스,GV80,25160000,울산공장
김정훈,남,34,30대 중반,경상남도 창원시,2,155922300,현대,펠리세이드,45050000,중국공장
김은주,여,31,30대 초반,대전광역시,1,38030400,제네시스,GV70,49610000,아산공장
곽건우,남,45,40대 중반,부산광역시,3,368694720,제네시스,GV80,52980000,체코공장
곽건우,남,45,40대 중반,부산광역시,3,368694720,현대,아이오닉6,19660000,아산공장
곽건우,남,45,40대 중반,부산광역시,3,368694720,현대,아이오닉5,31850000,인도네시아공장
이순자,여,36,30대 중반,경상북도 포항시,5,771895500,제네시스,G90,16610000,브라질공장
이순자,여,36,30대 중반,경상북도 포항시,5,771895500,제네시스,GV70,25210000,체코공장
이순자,여,36,30대 중반,경상북도 포항시,5,771895500,현대,그랜저,67760000,브라질공장
이순자,여,36,30대 중반,경상북도 포항시,5,771895500,현대,캐스퍼,42900000,브라질공장
이순자,여,36,30대 중반,경상북도 포항시,5,771895500,현대,스타리아,26840000,중국공장
안민재,여,56,50대 중반,경기도 수원시,5,588900600,현대,아이오닉9,49440000,아산공장
안민재,여,56,50대 중반,경기도 수원시,5,588900600,현대,스타리아,44040000,전주공장
안민재,여,56,50대 중반,경기도 수원시,5,588900600,현대,스타리아,44040000,전주공장
안민재,여,56,50대 중반,경기도 수원시,5,588900600,제네시스,G80,28630000,튀르키예공장
안민재,여,56,50대 중반,경기도 수원시,5,588900600,현대,스타리아,16890000,앨라배마공장
김지현,여,59,50대 후반,대전광역시,4,226412460,현대,그랜저,40680000,중국공장
김지현,여,59,50대 후반,대전광역시,4,226412460,현대,아이오닉5,31850000,인도네시아공장
김지현,여,59,50대 후반,대전광역시,4,226412460,제네시스,GV70,45730000,앨라배마공장
김지현,여,59,50대 후반,대전광역시,4,226412460,현대,쏘나타,46040000,인도네시아공장
최현준,남,59,50대 후반,대구광역시,4,334077000,제네시스,GV80,52980000,체코공장
최현준,남,59,50대 후반,대구광역시,4,334077000,제네시스,G80,28630000,튀르키예공장
최현준,남,59,50대 후반,대구광역시,4,334077000,현대,베뉴,59880000,울산공장
최현준,남,59,50대 후반,대구광역시,4,334077000,현대,캐스퍼,20630000,체코공장
권동현,여,44,40대 중반,울산광역시,4,967369920,현대,스타리아,44040000,전주공장
권동현,여,44,40대 중반,울산광역시,4,967369920,현대,쏘나타,30700000,울산공장
권동현,여,44,40대 중반,울산광역시,4,967369920,현대,스타리아,44040000,전주공장
권동현,여,44,40대 중반,울산광역시,4,967369920,제네시스,GV80,60510000,체코공장
심정희,남,29,20대 후반,인천광역시,5,446869200,제네시스,G70,41130000,인도공장
심정희,남,29,20대 후반,인천광역시,5,446869200,현대,아이오닉9,44190000,울산공장
심정희,남,29,20대 후반,인천광역시,5,446869200,현대,스타리아,33060000,싱가포르공장
심정희,남,29,20대 후반,인천광역시,5,446869200,현대,캐스퍼,29840000,튀르키예공장
심정희,남,29,20대 후반,인천광역시,5,446869200,현대,그랜저,69630000,앨라배마공장
김순옥,여,26,20대 중반,서울특별시,2,22888800,현대,그랜저,35620000,체코공장
김순옥,여,26,20대 중반,서울특별시,2,22888800,현대,스타리아,24750000,앨라배마공장
이영순,여,45,40대 중반,대전광역시,1,77070840,제네시스,G90,48420000,싱가포르공장
우미영,여,50,50대 초반,울산광역시,5,1420915800,현대,스타리아,26840000,중국공장
우미영,여,50,50대 초반,울산광역시,5,1420915800,제네시스,GV60,15340000,체코공장
우미영,여,50,50대 초반,울산광역시,5,1420915800,현대,그랜저,53840000,전주공장
우미영,여,50,50대 초반,울산광역시,5,1420915800,현대,펠리세이드,21460000,중국공장
우미영,여,50,50대 초반,울산광역시,5,1420915800,현대,캐스퍼,42900000,브라질공장
김정식,여,51,50대 초반,부산광역시,4,666719020,제네시스,GV60,15340000,체코공장
김정식,여,51,50대 초반,부산광역시,4,666719020,현대,스타리아,24750000,앨라배마공장
김정식,여,51,50대 초반,부산광역시,4,666719020,현대,아이오닉6,52720000,인도네시아공장
김정식,여,51,50대 초반,부산광역시,4,666719020,현대,아이오닉9,49440000,아산공장
이시우,남,25,20대 중반,경상남도 창원시,1,97267200,현대,그랜저,18790000,전주공장
이서영,남,61,60대 초반,울산광역시,5,1659764070,현대,캐스퍼,42900000,브라질공장
이서영,남,61,60대 초반,울산광역시,5,1659764070,현대,넥쏘,17060000,울산공장
이서영,남,61,60대 초반,울산광역시,5,1659764070,현대,아이오닉9,46710000,튀르키예공장
이서영,남,61,60대 초반,울산광역시,5,1659764070,제네시스,G80,29780000,브라질공장
이서영,남,61,60대 초반,울산광역시,5,1659764070,제네시스,GV80,18370000,앨라배마공장
김준서,여,69,60대 후반,경기도 수원시,4,585938660,현대,투싼,41950000,아산공장
김준서,여,69,60대 후반,경기도 수원시,4,585938660,제네시스,G90,16610000,브라질공장
김준서,여,69,60대 후반,경기도 수원시,4,585938660,현대,쏘나타,42310000,울산공장
김준서,여,69,60대 후반,경기도 수원시,4,585938660,현대,아이오닉6,19660000,아산공장
김현준,남,59,50대 후반,서울특별시,1,19232940,제네시스,GV80,52980000,체코공장
박숙자,여,50,50대 초반,경상남도 창원시,5,593224600,현대,투싼,67480000,브라질공장
박숙자,여,50,50대 초반,경상남도 창원시,5,593224600,현대,아이오닉6,66910000,울산공장
박숙자,여,50,50대 초반,경상남도 창원시,5,593224600,현대,아이오닉6,66910000,울산공장
박숙자,여,50,50대 초반,경상남도 창원시,5,593224600,현대,투싼,60140000,앨라배마공장
박숙자,여,50,50대 초반,경상남도 창원시,5,593224600,현대,펠리세이드,47020000,전주공장
백준서,여,55,50대 중반,대구광역시,2,241584390,현대,아이오닉5,39330000,울산공장
백준서,여,55,50대 중반,대구광역시,2,241584390,현대,투싼,67580000,울산공장
한성훈,남,50,50대 초반,대전광역시,5,502363680,현대,투싼,60140000,앨라배마공장
한성훈,남,50,50대 초반,대전광역시,5,502363680,현대,베뉴,23700000,튀르키예공장
한성훈,남,50,50대 초반,대전광역시,5,502363680,제네시스,G80,43240000,아산공장
한성훈,남,50,50대 초반,대전광역시,5,502363680,제네시스,G80,43240000,아산공장
한성훈,남,50,50대 초반,대전광역시,5,502363680,현대,베뉴,23700000,튀르키예공장
이예원,남,26,20대 중반,광주광역시,5,1437942160,제네시스,GV70,30850000,싱가포르공장
이예원,남,26,20대 중반,광주광역시,5,1437942160,현대,쏘나타,42730000,인도네시아공장
이예원,남,26,20대 중반,광주광역시,5,1437942160,제네시스,GV60,34550000,브라질공장
이예원,남,26,20대 중반,광주광역시,5,1437942160,현대,아이오닉6,19660000,아산공장
이예원,남,26,20대 중반,광주광역시,5,1437942160,현대,그랜저,35620000,체코공장
최서현,남,57,50대 후반,부산광역시,3,580265200,현대,아이오닉5,31850000,인도네시아공장
최서현,남,57,50대 후반,부산광역시,3,580265200,현대,그랜저,63870000,전주공장
최서현,남,57,50대 후반,부산광역시,3,580265200,현대,캐스퍼,42900000,브라질공장
박옥자,여,23,20대 중반,서울특별시,4,133806640,제네시스,GV60,34550000,브라질공장
박옥자,여,23,20대 중반,서울특별시,4,133806640,제네시스,GV80,60510000,체코공장
박옥자,여,23,20대 중반,서울특별시,4,133806640,제네시스,G80,22750000,전주공장
박옥자,여,23,20대 중반,서울특별시,4,133806640,현대,아반떼,53400000,싱가포르공장
김은서,여,40,40대 초반,경상북도 포항시,5,1021777110,제네시스,GV70,45730000,앨라배마공장
김은서,여,40,40대 초반,경상북도 포항시,5,1021777110,현대,아이오닉9,16300000,인도공장
김은서,여,40,40대 초반,경상북도 포항시,5,1021777110,제네시스,GV80,25160000,울산공장
김은서,여,40,40대 초반,경상북도 포항시,5,1021777110,제네시스,G80,43240000,아산공장
김은서,여,40,40대 초반,경상북도 포항시,5,1021777110,현대,쏘나타,30700000,울산공장
이순옥,여,61,60대 초반,서울특별시,2,92804640,현대,스타리아,19740000,중국공장
이순옥,여,61,60대 초반,서울특별시,2,92804640,현대,펠리세이드,42340000,인도공장
이도윤,남,65,60대 중반,대구광역시,5,712575930,제네시스,G80,43240000,아산공장
이도윤,남,65,60대 중반,대구광역시,5,712575930,현대,쏘나타,39540000,싱가포르공장
이도윤,남,65,60대 중반,대구광역시,5,712575930,제네시스,GV80,25160000,울산공장
이도윤,남,65,60대 중반,대구광역시,5,712575930,현대,펠리세이드,53900000,전주공장
이도윤,남,65,60대 중반,대구광역시,5,712575930,현대,스타리아,60550000,앨라배마공장
서건우,남,26,20대 중반,인천광역시,3,345856770,현대,펠리세이드,53900000,전주공장
서건우,남,26,20대 중반,인천광역시,3,345856770,현대,쏘나타,51450000,인도네시아공장
서건우,남,26,20대 중반,인천광역시,3,345856770,현대,투싼,50610000,중국공장
김영일,남,47,40대 후반,충청북도 청주시,2,246627110,현대,아이오닉5,39330000,울산공장
김영일,남,47,40대 후반,충청북도 청주시,2,246627110,현대,아반떼,53400000,싱가포르공장
박도현,여,42,40대 초반,인천광역시,4,636280740,현대,캐스퍼,23630000,앨라배마공장
박도현,여,42,40대 초반,인천광역시,4,636280740,현대,캐스퍼,42900000,브라질공장
박도현,여,42,40대 초반,인천광역시,4,636280740,제네시스,GV60,15340000,체코공장
박도현,여,42,40대 초반,인천광역시,4,636280740,제네시스,G80,38630000,인도네시아공장
황영순,남,51,50대 초반,인천광역시,2,378449500,현대,스타리아,35470000,브라질공장
황영순,남,51,50대 초반,인천광역시,2,378449500,현대,투싼,67480000,브라질공장
안성민,남,53,50대 중반,충청북도 청주시,4,671937480,현대,아이오닉9,49440000,아산공장
안성민,남,53,50대 중반,충청북도 청주시,4,671937480,제네시스,G80,22750000,전주공장
안성민,남,53,50대 중반,충청북도 청주시,4,671937480,현대,스타리아,60550000,앨라배마공장
안성민,남,53,50대 중반,충청북도 청주시,4,671937480,현대,스타리아,40580000,인도네시아공장
이현준,남,52,50대 초반,대전광역시,5,612846840,현대,펠리세이드,42340000,인도공장
이현준,남,52,50대 초반,대전광역시,5,612846840,현대,아이오닉9,68340000,인도공장
이현준,남,52,50대 초반,대전광역시,5,612846840,제네시스,GV80,60510000,체코공장
이현준,남,52,50대 초반,대전광역시,5,612846840,현대,그랜저,54930000,체코공장
이현준,남,52,50대 초반,대전광역시,5,612846840,현대,그랜저,63590000,튀르키예공장
김예지,남,67,60대 후반,충청북도 청주시,2,440294970,제네시스,G70,67250000,인도공장
김예지,남,67,60대 후반,충청북도 청주시,2,440294970,현대,그랜저,54930000,체코공장
이영길,여,70,70대 초반,충청남도 천안시,1,152475000,현대,투싼,67580000,울산공장
이준호,여,29,20대 후반,울산광역시,3,1209557200,현대,아이오닉9,68340000,인도공장
이준호,여,29,20대 후반,울산광역시,3,1209557200,제네시스,G90,64110000,울산공장
이준호,여,29,20대 후반,울산광역시,3,1209557200,현대,그랜저,54930000,체코공장
한성수,여,66,60대 중반,경상남도 창원시,2,347740250,현대,펠리세이드,21460000,중국공장
한성수,여,66,60대 중반,경상남도 창원시,2,347740250,현대,캐스퍼,23630000,앨라배마공장
이명숙,여,33,30대 중반,인천광역시,5,1068643260,현대,쏘나타,63750000,튀르키예공장
이명숙,여,33,30대 중반,인천광역시,5,1068643260,현대,아이오닉5,39330000,울산공장
이명숙,여,33,30대 중반,인천광역시,5,1068643260,현대,스타리아,60550000,앨라배마공장
이명숙,여,33,30대 중반,인천광역시,5,1068643260,제네시스,G80,22750000,전주공장
이명숙,여,33,30대 중반,인천광역시,5,1068643260,현대,쏘나타,46040000,인도네시아공장
김민석,남,22,20대 초반,충청북도 청주시,3,834353000,현대,스타리아,40580000,인도네시아공장
김민석,남,22,20대 초반,충청북도 청주시,3,834353000,제네시스,G80,35410000,중국공장
김민석,남,22,20대 초반,충청북도 청주시,3,834353000,현대,아이오닉6,52720000,인도네시아공장
고수민,남,29,20대 후반,경상북도 포항시,1,261122400,현대,아이오닉6,52720000,인도네시아공장
서지훈,남,56,50대 중반,부산광역시,3,666465100,현대,그랜저,15640000,튀르키예공장
서지훈,남,56,50대 중반,부산광역시,3,666465100,현대,그랜저,69630000,앨라배마공장
서지훈,남,56,50대 중반,부산광역시,3,666465100,현대,아이오닉9,68340000,인도공장
김현우,여,41,40대 초반,경기도 수원시,5,851262900,제네시스,GV70,54430000,울산공장
김현우,여,41,40대 초반,경기도 수원시,5,851262900,현대,펠리세이드,27670000,전주공장
김현우,여,41,40대 초반,경기도 수원시,5,851262900,현대,쏘나타,60980000,체코공장
김현우,여,41,40대 초반,경기도 수원시,5,851262900,현대,쏘나타,39540000,싱가포르공장
김현우,여,41,40대 초반,경기도 수원시,5,851262900,제네시스,GV80,27750000,전주공장
김영환,여,68,60대 후반,전라남도 목포시,5,59931000,현대,투싼,59740000,앨라배마공장
김영환,여,68,60대 후반,전라남도 목포시,5,59931000,제네시스,G90,16610000,브라질공장
김영환,여,68,60대 후반,전라남도 목포시,5,59931000,제네시스,G80,35610000,인도네시아공장
김영환,여,68,60대 후반,전라남도 목포시,5,59931000,현대,펠리세이드,61580000,아산공장
김영환,여,68,60대 후반,전라남도 목포시,5,59931000,현대,넥쏘,17060000,울산공장
이건우,남,67,60대 후반,전라북도 전주시,3,195241600,제네시스,G70,41130000,인도공장
이건우,남,67,60대 후반,전라북도 전주시,3,195241600,제네시스,G90,48420000,싱가포르공장
이건우,남,67,60대 후반,전라북도 전주시,3,195241600,현대,투싼,50610000,중국공장
진윤서,남,37,30대 후반,경기도 수원시,1,193919780,현대,아반떼,20020000,튀르키예공장
이영자,여,43,40대 중반,경기도 성남시,3,313011080,현대,아반떼,41900000,앨라배마공장
이영자,여,43,40대 중반,경기도 성남시,3,313011080,현대,쏘나타,23040000,중국공장
이영자,여,43,40대 중반,경기도 성남시,3,313011080,현대,아이오닉9,49440000,아산공장
최명자,남,25,20대 중반,광주광역시,1,352697120,현대,그랜저,67760000,브라질공장
류민석,남,54,50대 중반,울산광역시,5,2287867330,현대,아이오닉6,68900000,싱가포르공장
류민석,남,54,50대 중반,울산광역시,5,2287867330,현대,아반떼,65560000,전주공장
류민석,남,54,50대 중반,울산광역시,5,2287867330,현대,아이오닉9,16300000,인도공장
류민석,남,54,50대 중반,울산광역시,5,2287867330,현대,그랜저,40680000,중국공장
류민석,남,54,50대 중반,울산광역시,5,2287867330,현대,스타리아,33060000,싱가포르공장
성정자,남,37,30대 후반,울산광역시,4,2015945300,현대,스타리아,33060000,싱가포르공장
성정자,남,37,30대 후반,울산광역시,4,2015945300,현대,베뉴,23700000,튀르키예공장
성정자,남,37,30대 후반,울산광역시,4,2015945300,현대,아이오닉9,46710000,튀르키예공장
성정자,남,37,30대 후반,울산광역시,4,2015945300,현대,아이오닉9,49440000,아산공장
이영환,남,27,20대 후반,충청북도 청주시,1,326105080,현대,아이오닉5,22690000,앨라배마공장
이준영,여,23,20대 중반,서울특별시,1,64643700,현대,아이오닉5,39330000,울산공장
김경자,여,63,60대 중반,서울특별시,4,1701049110,제네시스,GV60,55140000,체코공장
김경자,여,63,60대 중반,서울특별시,4,1701049110,제네시스,G90,48420000,싱가포르공장
김경자,여,63,60대 중반,서울특별시,4,1701049110,현대,베뉴,23700000,튀르키예공장
김경자,여,63,60대 중반,서울특별시,4,1701049110,현대,쏘나타,23040000,중국공장
이혜진,여,69,60대 후반,광주광역시,5,2012275020,현대,스타리아,48850000,인도네시아공장
이혜진,여,69,60대 후반,광주광역시,5,2012275020,현대,스타리아,33060000,싱가포르공장
이혜진,여,69,60대 후반,광주광역시,5,2012275020,현대,쏘나타,51450000,인도네시아공장
이혜진,여,69,60대 후반,광주광역시,5,2012275020,현대,아반떼,53400000,싱가포르공장
이혜진,여,69,60대 후반,광주광역시,5,2012275020,현대,아반떼,20020000,튀르키예공장
곽옥순,여,24,20대 중반,대전광역시,3,437282700,현대,스타리아,33060000,싱가포르공장
곽옥순,여,24,20대 중반,대전광역시,3,437282700,현대,아반떼,41900000,앨라배마공장
곽옥순,여,24,20대 중반,대전광역시,3,437282700,현대,펠리세이드,30280000,앨라배마공장
김시우,남,44,40대 중반,전라남도 목포시,2,40150560,현대,아이오닉9,44190000,울산공장
김시우,남,44,40대 중반,전라남도 목포시,2,40150560,현대,아이오닉5,68110000,인도공장
윤재호,남,31,30대 초반,대구광역시,2,403626960,현대,넥쏘,17060000,울산공장
윤재호,남,31,30대 초반,대구광역시,2,403626960,제네시스,G80,39350000,인도공장
강종수,남,43,40대 중반,대전광역시,1,193311890,현대,투싼,59740000,앨라배마공장
성성수,남,40,40대 초반,충청북도 청주시,1,408581250,현대,그랜저,63870000,전주공장
정지혜,남,57,50대 후반,경기도 성남시,2,251710250,현대,그랜저,18790000,전주공장
정지혜,남,57,50대 후반,경기도 성남시,2,251710250,현대,스타리아,48850000,인도네시아공장
손아름,남,28,20대 후반,경상북도 포항시,3,969520020,현대,그랜저,35620000,체코공장
손아름,남,28,20대 후반,경상북도 포항시,3,969520020,현대,스타리아,35470000,브라질공장
손아름,남,28,20대 후반,경상북도 포항시,3,969520020,현대,아이오닉9,16300000,인도공장
조성호,여,40,40대 초반,대구광역시,3,689827020,현대,아이오닉6,68900000,싱가포르공장
조성호,여,40,40대 초반,대구광역시,3,689827020,현대,스타리아,35470000,브라질공장
조성호,여,40,40대 초반,대구광역시,3,689827020,현대,스타리아,25820000,울산공장
김수민,남,25,20대 중반,경기도 수원시,1,260274420,제네시스,G80,17410000,인도공장
김민준,남,67,60대 후반,전라남도 목포시,1,40322700,현대,그랜저,40680000,중국공장
이경숙,여,28,20대 후반,충청남도 천안시,3,534928260,현대,그랜저,63590000,튀르키예공장
이경숙,여,28,20대 후반,충청남도 천안시,3,534928260,현대,펠리세이드,43880000,체코공장
이경숙,여,28,20대 후반,충청남도 천안시,3,534928260,현대,스타리아,48850000,인도네시아공장
황도윤,남,49,40대 후반,서울특별시,2,1006969260,현대,투싼,67480000,브라질공장
황도윤,남,49,40대 후반,서울특별시,2,1006969260,현대,아이오닉6,67260000,인도공장
강영자,여,69,60대 후반,충청북도 청주시,5,2430018080,현대,아반떼,65560000,전주공장
강영자,여,69,60대 후반,충청북도 청주시,5,2430018080,현대,아이오닉5,65510000,울산공장
강영자,여,69,60대 후반,충청북도 청주시,5,2430018080,현대,스타리아,56170000,튀르키예공장
강영자,여,69,60대 후반,충청북도 청주시,5,2430018080,현대,스타리아,42470000,튀르키예공장
강영자,여,69,60대 후반,충청북도 청주시,5,2430018080,현대,펠리세이드,30280000,앨라배마공장
이지민,여,36,30대 중반,경기도 성남시,1,156458250,현대,쏘나타,17000000,울산공장
남지연,남,38,30대 후반,경기도 수원시,2,646010440,현대,쏘나타,60980000,체코공장
남지연,남,38,30대 후반,경기도 수원시,2,646010440,현대,스타리아,44040000,전주공장
이은서,남,62,60대 초반,서울특별시,1,84548640,현대,캐스퍼,29840000,튀르키예공장
정예원,여,54,50대 중반,경상북도 포항시,4,1428220800,현대,쏘나타,60980000,체코공장
정예원,여,54,50대 중반,경상북도 포항시,4,1428220800,현대,투싼,37780000,앨라배마공장
정예원,여,54,50대 중반,경상북도 포항시,4,1428220800,제네시스,G70,62980000,아산공장
정예원,여,54,50대 중반,경상북도 포항시,4,1428220800,현대,캐스퍼,23630000,앨라배마공장
신성현,남,57,50대 후반,광주광역시,5,2399633360,현대,쏘나타,17000000,울산공장
신성현,남,57,50대 후반,광주광역시,5,2399633360,현대,아이오닉6,52720000,인도네시아공장
신성현,남,57,50대 후반,광주광역시,5,2399633360,현대,아이오닉6,67260000,인도공장
신성현,남,57,50대 후반,광주광역시,5,2399633360,현대,캐스퍼,66160000,울산공장
신성현,남,57,50대 후반,광주광역시,5,2399633360,현대,투싼,59740000,앨라배마공장
민정호,여,56,50대 중반,전라남도 목포시,5,280950300,제네시스,GV70,54430000,울산공장
민정호,여,56,50대 중반,전라남도 목포시,5,280950300,현대,투싼,37780000,앨라배마공장
민정호,여,56,50대 중반,전라남도 목포시,5,280950300,현대,투싼,35270000,체코공장
민정호,여,56,50대 중반,전라남도 목포시,5,280950300,현대,아이오닉9,49440000,아산공장
민정호,여,56,50대 중반,전라남도 목포시,5,280950300,현대,캐스퍼,29840000,튀르키예공장
박지원,남,62,60대 초반,경상남도 창원시,4,951845370,제네시스,G80,39350000,인도공장
박지원,남,62,60대 초반,경상남도 창원시,4,951845370,제네시스,GV70,25210000,체코공장
박지원,남,62,60대 초반,경상남도 창원시,4,951845370,현대,쏘나타,39540000,싱가포르공장
박지원,남,62,60대 초반,경상남도 창원시,4,951845370,현대,아이오닉9,16300000,인도공장
김영자,남,49,40대 후반,전라남도 목포시,4,347037680,현대,그랜저,63870000,전주공장
김영자,남,49,40대 후반,전라남도 목포시,4,347037680,현대,그랜저,19920000,튀르키예공장
김영자,남,49,40대 후반,전라남도 목포시,4,347037680,제네시스,G80,22750000,전주공장
김영자,남,49,40대 후반,전라남도 목포시,4,347037680,제네시스,G80,28630000,튀르키예공장
이서윤,여,59,50대 후반,서울특별시,4,432897260,현대,아이오닉9,44190000,울산공장
이서윤,여,59,50대 후반,서울특별시,4,432897260,현대,아이오닉5,31850000,인도네시아공장
이서윤,여,59,50대 후반,서울특별시,4,432897260,현대,아반떼,25280000,인도네시아공장
이서윤,여,59,50대 후반,서울특별시,4,432897260,현대,아반떼,25280000,인도네시아공장
송지은,여,71,70대 초반,부산광역시,4,1052603520,현대,스타리아,26840000,중국공장
송지은,여,71,70대 초반,부산광역시,4,1052603520,제네시스,G90,34810000,전주공장
송지은,여,71,70대 초반,부산광역시,4,1052603520,제네시스,G70,53430000,울산공장
송지은,여,71,70대 초반,부산광역시,4,1052603520,제네시스,G80,29780000,브라질공장
이서연,남,36,30대 중반,부산광역시,3,977400690,현대,투싼,67580000,울산공장
이서연,남,36,30대 중반,부산광역시,3,977400690,현대,캐스퍼,66160000,울산공장
이서연,남,36,30대 중반,부산광역시,3,977400690,현대,쏘나타,60980000,체코공장
김성호,여,40,40대 초반,대구광역시,5,1347672060,현대,베뉴,59880000,울산공장
김성호,여,40,40대 초반,대구광역시,5,1347672060,현대,캐스퍼,66160000,울산공장
김성호,여,40,40대 초반,대구광역시,5,1347672060,현대,스타리아,26840000,중국공장
김성호,여,40,40대 초반,대구광역시,5,1347672060,현대,스타리아,63430000,앨라배마공장
김성호,여,40,40대 초반,대구광역시,5,1347672060,현대,펠리세이드,33990000,인도네시아공장
홍정숙,남,70,70대 초반,광주광역시,5,2720152200,제네시스,G80,28630000,튀르키예공장
홍정숙,남,70,70대 초반,광주광역시,5,2720152200,현대,투싼,60140000,앨라배마공장
홍정숙,남,70,70대 초반,광주광역시,5,2720152200,현대,펠리세이드,27670000,전주공장
홍정숙,남,70,70대 초반,광주광역시,5,2720152200,현대,아이오닉6,66910000,울산공장
홍정숙,남,70,70대 초반,광주광역시,5,2720152200,제네시스,G80,40560000,브라질공장
박혜진,남,47,40대 후반,서울특별시,1,564024380,현대,스타리아,26840000,중국공장
이정훈,남,63,60대 중반,경기도 수원시,2,724818320,현대,아이오닉5,39330000,울산공장
이정훈,남,63,60대 중반,경기도 수원시,2,724818320,현대,아반떼,41900000,앨라배마공장
이승현,여,43,40대 중반,대전광역시,4,877122270,제네시스,G70,30000000,전주공장
이승현,여,43,40대 중반,대전광역시,4,877122270,현대,아이오닉6,66910000,울산공장
이승현,여,43,40대 중반,대전광역시,4,877122270,현대,아이오닉5,31850000,인도네시아공장
이승현,여,43,40대 중반,대전광역시,4,877122270,현대,아이오닉6,67260000,인도공장
박채원,여,61,60대 초반,부산광역시,1,362681550,제네시스,GV80,52980000,체코공장
김중수,여,54,50대 중반,울산광역시,4,2359208040,제네시스,G80,69860000,체코공장
김중수,여,54,50대 중반,울산광역시,4,2359208040,현대,캐스퍼,66160000,울산공장
김중수,여,54,50대 중반,울산광역시,4,2359208040,현대,아반떼,53400000,싱가포르공장
김중수,여,54,50대 중반,울산광역시,4,2359208040,현대,스타리아,63430000,앨라배마공장
김영호,여,26,20대 중반,인천광역시,4,992529470,제네시스,GV80,25160000,울산공장
김영호,여,26,20대 중반,인천광역시,4,992529470,제네시스,GV60,15340000,체코공장
김영호,여,26,20대 중반,인천광역시,4,992529470,제네시스,G80,35610000,인도네시아공장
김영호,여,26,20대 중반,인천광역시,4,992529470,제네시스,GV70,30850000,싱가포르공장
심동현,여,26,20대 중반,서울특별시,3,403491360,현대,쏘나타,46040000,인도네시아공장
심동현,여,26,20대 중반,서울특별시,3,403491360,현대,쏘나타,63750000,튀르키예공장
심동현,여,26,20대 중반,서울특별시,3,403491360,제네시스,G90,24950000,전주공장
박민석,남,68,60대 후반,충청남도 천안시,2,488296200,현대,스타리아,42470000,튀르키예공장
박민석,남,68,60대 후반,충청남도 천안시,2,488296200,제네시스,G80,22750000,전주공장
김병철,남,56,50대 중반,서울특별시,2,1257134400,현대,쏘나타,30700000,울산공장
김병철,남,56,50대 중반,서울특별시,2,1257134400,현대,투싼,29950000,튀르키예공장
서영길,여,53,50대 중반,대구광역시,5,1726420380,현대,아이오닉5,65510000,울산공장
서영길,여,53,50대 중반,대구광역시,5,1726420380,현대,그랜저,15640000,튀르키예공장
서영길,여,53,50대 중반,대구광역시,5,1726420380,현대,쏘나타,51450000,인도네시아공장
서영길,여,53,50대 중반,대구광역시,5,1726420380,제네시스,GV70,30850000,싱가포르공장
서영길,여,53,50대 중반,대구광역시,5,1726420380,현대,쏘나타,42730000,인도네시아공장
홍현숙,남,66,60대 중반,충청북도 청주시,4,2366637760,현대,쏘나타,51450000,인도네시아공장
홍현숙,남,66,60대 중반,충청북도 청주시,4,2366637760,제네시스,G80,21000000,울산공장
홍현숙,남,66,60대 중반,충청북도 청주시,4,2366637760,제네시스,G80,40560000,브라질공장
홍현숙,남,66,60대 중반,충청북도 청주시,4,2366637760,현대,아반떼,65560000,전주공장
박아름,남,69,60대 후반,전라남도 목포시,2,228093900,현대,펠리세이드,68930000,울산공장
박아름,남,69,60대 후반,전라남도 목포시,2,228093900,현대,아이오닉6,66910000,울산공장
김광수,남,51,50대 초반,대구광역시,3,1247094870,제네시스,G80,21000000,울산공장
김광수,남,51,50대 초반,대구광역시,3,1247094870,제네시스,G80,21000000,울산공장
김광수,남,51,50대 초반,대구광역시,3,1247094870,제네시스,G90,48420000,싱가포르공장
오민준,남,37,30대 후반,울산광역시,1,651337830,현대,베뉴,23700000,튀르키예공장
김성현,남,52,50대 초반,경기도 수원시,2,818413700,제네시스,G90,34810000,전주공장
김성현,남,52,50대 초반,경기도 수원시,2,818413700,현대,투싼,60140000,앨라배마공장
김예진,남,35,30대 중반,광주광역시,1,588319200,현대,그랜저,19920000,튀르키예공장
손준호,남,39,30대 후반,인천광역시,1,323220040,제네시스,G70,67250000,인도공장
최현우,남,63,60대 중반,인천광역시,5,1835438380,제네시스,GV60,46520000,중국공장
최현우,남,63,60대 중반,인천광역시,5,1835438380,제네시스,G80,17410000,인도공장
최현우,남,63,60대 중반,인천광역시,5,1835438380,현대,아이오닉6,67260000,인도공장
최현우,남,63,60대 중반,인천광역시,5,1835438380,현대,쏘나타,45990000,울산공장
최현우,남,63,60대 중반,인천광역시,5,1835438380,현대,쏘나타,51450000,인도네시아공장
배재현,여,24,20대 중반,경기도 수원시,5,2319234220,현대,그랜저,15640000,튀르키예공장
배재현,여,24,20대 중반,경기도 수원시,5,2319234220,현대,아반떼,65560000,전주공장
배재현,여,24,20대 중반,경기도 수원시,5,2319234220,제네시스,GV80,27750000,전주공장
배재현,여,24,20대 중반,경기도 수원시,5,2319234220,현대,쏘나타,63750000,튀르키예공장
배재현,여,24,20대 중반,경기도 수원시,5,2319234220,제네시스,G80,35410000,중국공장
서지영,여,61,60대 초반,충청남도 천안시,2,569550110,현대,펠리세이드,45050000,중국공장
서지영,여,61,60대 초반,충청남도 천안시,2,569550110,제네시스,G80,39350000,인도공장
김진호,여,23,20대 중반,부산광역시,1,413365920,제네시스,G70,67250000,인도공장
이영철,여,44,40대 중반,인천광역시,5,2068342540,현대,그랜저,53840000,전주공장
이영철,여,44,40대 중반,인천광역시,5,2068342540,제네시스,GV70,54430000,울산공장
이영철,여,44,40대 중반,인천광역시,5,2068342540,제네시스,G80,35610000,인도네시아공장
이영철,여,44,40대 중반,인천광역시,5,2068342540,제네시스,G90,57970000,울산공장
이영철,여,44,40대 중반,인천광역시,5,2068342540,현대,아이오닉6,52720000,인도네시아공장
서지원,여,52,50대 초반,전라남도 목포시,5,834419060,현대,투싼,29950000,튀르키예공장
서지원,여,52,50대 초반,전라남도 목포시,5,834419060,제네시스,G70,53430000,울산공장
서지원,여,52,50대 초반,전라남도 목포시,5,834419060,현대,그랜저,19920000,튀르키예공장
서지원,여,52,50대 초반,전라남도 목포시,5,834419060,현대,아이오닉6,66910000,울산공장
서지원,여,52,50대 초반,전라남도 목포시,5,834419060,현대,넥쏘,17060000,울산공장
조선영,여,44,40대 중반,서울특별시,2,1375893980,현대,펠리세이드,30280000,앨라배마공장
조선영,여,44,40대 중반,서울특별시,2,1375893980,현대,캐스퍼,23630000,앨라배마공장
권영자,여,57,50대 후반,경기도 수원시,2,1126468800,현대,스타리아,63430000,앨라배마공장
권영자,여,57,50대 후반,경기도 수원시,2,1126468800,제네시스,G80,40560000,브라질공장
정은지,남,45,40대 중반,충청북도 청주시,3,1924314420,현대,투싼,29950000,튀르키예공장
정은지,남,45,40대 중반,충청북도 청주시,3,1924314420,제네시스,G70,53430000,울산공장
정은지,남,45,40대 중반,충청북도 청주시,3,1924314420,현대,펠리세이드,50560000,체코공장
이경희,남,57,50대 후반,경상남도 창원시,3,826697780,제네시스,GV60,15340000,체코공장
이경희,남,57,50대 후반,경상남도 창원시,3,826697780,현대,쏘나타,17000000,울산공장
이경희,남,57,50대 후반,경상남도 창원시,3,826697780,제네시스,G80,40560000,브라질공장
문승민,여,55,50대 중반,전라북도 전주시,4,330787800,현대,스타리아,24750000,앨라배마공장
문승민,여,55,50대 중반,전라북도 전주시,4,330787800,현대,그랜저,23780000,앨라배마공장
문승민,여,55,50대 중반,전라북도 전주시,4,330787800,현대,펠리세이드,61580000,아산공장
문승민,여,55,50대 중반,전라북도 전주시,4,330787800,현대,쏘나타,17000000,울산공장
서서윤,여,23,20대 중반,광주광역시,5,3183134680,현대,투싼,37780000,앨라배마공장
서서윤,여,23,20대 중반,광주광역시,5,3183134680,현대,그랜저,63870000,전주공장
서서윤,여,23,20대 중반,광주광역시,5,3183134680,현대,아이오닉5,31850000,인도네시아공장
서서윤,여,23,20대 중반,광주광역시,5,3183134680,현대,아반떼,53400000,싱가포르공장
서서윤,여,23,20대 중반,광주광역시,5,3183134680,제네시스,GV80,52980000,체코공장
지현우,남,28,20대 후반,대구광역시,3,1405102300,현대,투싼,37780000,앨라배마공장
지현우,남,28,20대 후반,대구광역시,3,1405102300,제네시스,G70,53430000,울산공장
지현우,남,28,20대 후반,대구광역시,3,1405102300,현대,펠리세이드,43880000,체코공장
김현주,남,46,40대 중반,전라북도 전주시,4,481251000,제네시스,G90,16610000,브라질공장
김현주,남,46,40대 중반,전라북도 전주시,4,481251000,현대,펠리세이드,68930000,울산공장
김현주,남,46,40대 중반,전라북도 전주시,4,481251000,현대,쏘나타,45990000,울산공장
김현주,남,46,40대 중반,전라북도 전주시,4,481251000,현대,그랜저,23780000,앨라배마공장
박성수,남,29,20대 후반,부산광역시,5,2365898940,제네시스,GV80,25160000,울산공장
박성수,남,29,20대 후반,부산광역시,5,2365898940,현대,쏘나타,45990000,울산공장
박성수,남,29,20대 후반,부산광역시,5,2365898940,현대,스타리아,60550000,앨라배마공장
박성수,남,29,20대 후반,부산광역시,5,2365898940,현대,아이오닉6,19660000,아산공장
박성수,남,29,20대 후반,부산광역시,5,2365898940,제네시스,G70,53430000,울산공장
이진호,여,27,20대 후반,서울특별시,3,498520200,현대,캐스퍼,66340000,전주공장
이진호,여,27,20대 후반,서울특별시,3,498520200,현대,아반떼,53400000,싱가포르공장
이진호,여,27,20대 후반,서울특별시,3,498520200,현대,캐스퍼,29840000,튀르키예공장
김영순,여,47,40대 후반,충청북도 청주시,2,1480458000,제네시스,G80,40560000,브라질공장
김영순,여,47,40대 후반,충청북도 청주시,2,1480458000,제네시스,G80,22750000,전주공장
류민수,여,67,60대 후반,충청북도 청주시,5,4219558440,현대,스타리아,60550000,앨라배마공장
류민수,여,67,60대 후반,충청북도 청주시,5,4219558440,제네시스,GV80,25160000,울산공장
류민수,여,67,60대 후반,충청북도 청주시,5,4219558440,제네시스,G70,67250000,인도공장
류민수,여,67,60대 후반,충청북도 청주시,5,4219558440,현대,캐스퍼,20630000,체코공장
류민수,여,67,60대 후반,충청북도 청주시,5,4219558440,현대,그랜저,54930000,체코공장
장정훈,남,29,20대 후반,광주광역시,1,759733280,제네시스,G80,35610000,인도네시아공장
정현지,남,70,70대 초반,광주광역시,1,812988150,현대,쏘나타,42310000,울산공장
류영희,여,52,50대 초반,경기도 성남시,2,433586700,현대,그랜저,18790000,전주공장
류영희,여,52,50대 초반,경기도 성남시,2,433586700,현대,그랜저,25760000,전주공장
김서현,남,43,40대 중반,전라북도 전주시,1,145028550,현대,캐스퍼,29840000,튀르키예공장
김상철,남,51,50대 초반,인천광역시,3,1385643750,현대,쏘나타,30700000,울산공장
김상철,남,51,50대 초반,인천광역시,3,1385643750,현대,캐스퍼,66340000,전주공장
김상철,남,51,50대 초반,인천광역시,3,1385643750,제네시스,G70,30000000,전주공장
김동현,남,33,30대 중반,서울특별시,3,2359218640,현대,그랜저,63870000,전주공장
김동현,남,33,30대 중반,서울특별시,3,2359218640,현대,스타리아,16890000,앨라배마공장
김동현,남,33,30대 중반,서울특별시,3,2359218640,제네시스,GV80,27750000,전주공장
안선영,남,64,60대 중반,부산광역시,1,513802370,제네시스,GV60,46520000,중국공장
김명숙,여,24,20대 중반,경기도 수원시,3,1967537040,제네시스,GV60,46520000,중국공장
김명숙,여,24,20대 중반,경기도 수원시,3,1967537040,현대,투싼,35270000,체코공장
김명숙,여,24,20대 중반,경기도 수원시,3,1967537040,현대,스타리아,40580000,인도네시아공장
이은정,여,40,40대 초반,서울특별시,5,4291950080,현대,펠리세이드,21460000,중국공장
이은정,여,40,40대 초반,서울특별시,5,4291950080,현대,그랜저,63870000,전주공장
이은정,여,40,40대 초반,서울특별시,5,4291950080,현대,아이오닉5,39330000,울산공장
이은정,여,40,40대 초반,서울특별시,5,4291950080,현대,투싼,35270000,체코공장
이은정,여,40,40대 초반,서울특별시,5,4291950080,현대,투싼,35270000,체코공장
이지영,여,47,40대 후반,전라북도 전주시,1,206201860,제네시스,GV70,45730000,앨라배마공장
이진우,여,56,50대 중반,경기도 성남시,1,273729400,제네시스,G90,57970000,울산공장
오서연,여,30,30대 초반,경기도 수원시,1,711738720,현대,그랜저,25760000,전주공장
김정희,여,28,20대 후반,충청북도 청주시,3,2759804520,현대,아이오닉6,52720000,인도네시아공장
김정희,여,28,20대 후반,충청북도 청주시,3,2759804520,현대,아이오닉6,68900000,싱가포르공장
김정희,여,28,20대 후반,충청북도 청주시,3,2759804520,현대,스타리아,48850000,인도네시아공장
이지혜,여,22,20대 초반,전라북도 전주시,3,721809270,현대,쏘나타,39540000,싱가포르공장
이지혜,여,22,20대 초반,전라북도 전주시,3,721809270,제네시스,G80,40560000,브라질공장
이지혜,여,22,20대 초반,전라북도 전주시,3,721809270,제네시스,GV70,25210000,체코공장
윤성훈,여,70,70대 초반,경기도 수원시,1,833242500,제네시스,G90,57970000,울산공장
김서연,남,64,60대 중반,광주광역시,5,4402332900,현대,투싼,35270000,체코공장
김서연,남,64,60대 중반,광주광역시,5,4402332900,현대,쏘나타,39540000,싱가포르공장
김서연,남,64,60대 중반,광주광역시,5,4402332900,현대,베뉴,59880000,울산공장
김서연,남,64,60대 중반,광주광역시,5,4402332900,현대,그랜저,63870000,전주공장
김서연,남,64,60대 중반,광주광역시,5,4402332900,제네시스,G90,24950000,전주공장
손지후,여,66,60대 중반,경기도 수원시,2,1788622920,현대,그랜저,63590000,튀르키예공장
손지후,여,66,60대 중반,경기도 수원시,2,1788622920,현대,펠리세이드,27670000,전주공장
전정수,여,23,20대 중반,경기도 성남시,2,675624300,제네시스,GV60,55140000,체코공장
전정수,여,23,20대 중반,경기도 성남시,2,675624300,현대,투싼,41950000,아산공장
구주원,여,62,60대 초반,충청북도 청주시,5,5001598070,제네시스,GV70,30850000,싱가포르공장
구주원,여,62,60대 초반,충청북도 청주시,5,5001598070,제네시스,G80,35610000,인도네시아공장
구주원,여,62,60대 초반,충청북도 청주시,5,5001598070,현대,스타리아,33060000,싱가포르공장
구주원,여,62,60대 초반,충청북도 청주시,5,5001598070,현대,스타리아,60550000,앨라배마공장
구주원,여,62,60대 초반,충청북도 청주시,5,5001598070,현대,스타리아,26840000,중국공장
박영호,남,30,30대 초반,경기도 수원시,4,4025406210,현대,캐스퍼,66340000,전주공장
박영호,남,30,30대 초반,경기도 수원시,4,4025406210,제네시스,G70,41130000,인도공장
박영호,남,30,30대 초반,경기도 수원시,4,4025406210,현대,쏘나타,46040000,인도네시아공장
박영호,남,30,30대 초반,경기도 수원시,4,4025406210,현대,쏘나타,42730000,인도네시아공장
박현정,남,48,40대 후반,서울특별시,1,967466880,현대,아반떼,53400000,싱가포르공장
이유진,여,24,20대 중반,울산광역시,5,3509532040,제네시스,GV80,60510000,체코공장
이유진,여,24,20대 중반,울산광역시,5,3509532040,현대,쏘나타,42730000,인도네시아공장
이유진,여,24,20대 중반,울산광역시,5,3509532040,현대,그랜저,35620000,체코공장
이유진,여,24,20대 중반,울산광역시,5,3509532040,현대,아이오닉5,31850000,인도네시아공장
이유진,여,24,20대 중반,울산광역시,5,3509532040,현대,베뉴,59880000,울산공장
한순옥,여,58,50대 후반,경상북도 포항시,4,1608347840,제네시스,G80,22750000,전주공장
한순옥,여,58,50대 후반,경상북도 포항시,4,1608347840,현대,스타리아,40580000,인도네시아공장
한순옥,여,58,50대 후반,경상북도 포항시,4,1608347840,현대,스타리아,19740000,중국공장
한순옥,여,58,50대 후반,경상북도 포항시,4,1608347840,현대,쏘나타,51450000,인도네시아공장
이성수,남,29,20대 후반,부산광역시,5,2791888700,제네시스,GV70,25210000,체코공장
이성수,남,29,20대 후반,부산광역시,5,2791888700,현대,캐스퍼,20630000,체코공장
이성수,남,29,20대 후반,부산광역시,5,2791888700,현대,펠리세이드,43880000,체코공장
이성수,남,29,20대 후반,부산광역시,5,2791888700,현대,투싼,67480000,브라질공장
이성수,남,29,20대 후반,부산광역시,5,2791888700,현대,펠리세이드,53900000,전주공장
박민수,여,43,40대 중반,서울특별시,4,924616000,현대,아이오닉6,45920000,싱가포르공장
박민수,여,43,40대 중반,서울특별시,4,924616000,현대,스타리아,56170000,튀르키예공장
박민수,여,43,40대 중반,서울특별시,4,924616000,현대,그랜저,18790000,전주공장
박민수,여,43,40대 중반,서울특별시,4,924616000,현대,아반떼,59930000,울산공장
노지훈,여,51,50대 초반,경기도 성남시,3,1224641250,제네시스,G80,35410000,중국공장
노지훈,여,51,50대 초반,경기도 성남시,3,1224641250,현대,아이오닉9,46710000,튀르키예공장
노지훈,여,51,50대 초반,경기도 성남시,3,1224641250,현대,아이오닉9,44190000,울산공장
권민서,남,62,60대 초반,울산광역시,1,763772500,제네시스,G90,57970000,울산공장
최상철,남,42,40대 초반,서울특별시,3,3143102940,현대,아이오닉9,68340000,인도공장
최상철,남,42,40대 초반,서울특별시,3,3143102940,현대,펠리세이드,50560000,체코공장
최상철,남,42,40대 초반,서울특별시,3,3143102940,현대,그랜저,25760000,전주공장
최중수,여,39,30대 후반,경기도 성남시,1,444477320,제네시스,G70,62980000,아산공장
임진우,남,56,50대 중반,전라북도 전주시,1,277873420,제네시스,G80,69860000,체코공장
나선영,여,50,50대 초반,충청북도 청주시,1,1087815810,제네시스,G80,21000000,울산공장
이정식,여,66,60대 중반,경상남도 창원시,3,1058457360,현대,투싼,59740000,앨라배마공장
이정식,여,66,60대 중반,경상남도 창원시,3,1058457360,현대,펠리세이드,53900000,전주공장
이정식,여,66,60대 중반,경상남도 창원시,3,1058457360,제네시스,GV60,15340000,체코공장
김정숙,남,53,50대 중반,서울특별시,2,606766300,현대,아이오닉9,44190000,울산공장
김정숙,남,53,50대 중반,서울특별시,2,606766300,현대,캐스퍼,42900000,브라질공장
송수빈,여,66,60대 중반,경기도 수원시,2,2141099000,현대,아이오닉6,19660000,아산공장
송수빈,여,66,60대 중반,경기도 수원시,2,2141099000,제네시스,GV80,52980000,체코공장
강승현,남,39,30대 후반,부산광역시,4,2484535200,현대,캐스퍼,20630000,체코공장
강승현,남,39,30대 후반,부산광역시,4,2484535200,현대,쏘나타,63750000,튀르키예공장
강승현,남,39,30대 후반,부산광역시,4,2484535200,현대,아이오닉6,67260000,인도공장
강승현,남,39,30대 후반,부산광역시,4,2484535200,현대,스타리아,25820000,울산공장
황준혁,여,61,60대 초반,광주광역시,2,1908312900,현대,쏘나타,23040000,중국공장
황준혁,여,61,60대 초반,광주광역시,2,1908312900,현대,쏘나타,45990000,울산공장
장건우,남,44,40대 중반,대전광역시,4,1111910130,현대,펠리세이드,47020000,전주공장
장건우,남,44,40대 중반,대전광역시,4,1111910130,현대,캐스퍼,23630000,앨라배마공장
장건우,남,44,40대 중반,대전광역시,4,1111910130,현대,아이오닉9,68340000,인도공장
장건우,남,44,40대 중반,대전광역시,4,1111910130,현대,투싼,67580000,울산공장
김지은,여,53,50대 중반,충청북도 청주시,3,3723411240,현대,베뉴,23700000,튀르키예공장
김지은,여,53,50대 중반,충청북도 청주시,3,3723411240,현대,쏘나타,45990000,울산공장
김지은,여,53,50대 중반,충청북도 청주시,3,3723411240,현대,투싼,67580000,울산공장
서춘자,여,56,50대 중반,서울특별시,1,1128570750,현대,아이오닉6,66910000,울산공장
윤병철,여,59,50대 후반,경기도 성남시,1,547418880,현대,쏘나타,46040000,인도네시아공장
서서현,여,42,40대 초반,서울특별시,5,1743954360,현대,아이오닉5,65510000,울산공장
서서현,여,42,40대 초반,서울특별시,5,1743954360,현대,스타리아,33060000,싱가포르공장
서서현,여,42,40대 초반,서울특별시,5,1743954360,현대,아이오닉9,44190000,울산공장
서서현,여,42,40대 초반,서울특별시,5,1743954360,제네시스,G80,39350000,인도공장
서서현,여,42,40대 초반,서울특별시,5,1743954360,현대,아반떼,41900000,앨라배마공장
오옥자,여,23,20대 중반,전라남도 목포시,1,195148800,현대,아이오닉5,38910000,앨라배마공장
박건우,남,35,30대 중반,전라남도 목포시,5,1162926240,현대,캐스퍼,23630000,앨라배마공장
박건우,남,35,30대 중반,전라남도 목포시,5,1162926240,제네시스,GV70,30850000,싱가포르공장
박건우,남,35,30대 중반,전라남도 목포시,5,1162926240,현대,쏘나타,63750000,튀르키예공장
박건우,남,35,30대 중반,전라남도 목포시,5,1162926240,현대,아반떼,41900000,앨라배마공장
박건우,남,35,30대 중반,전라남도 목포시,5,1162926240,현대,스타리아,60550000,앨라배마공장
허경수,여,42,40대 초반,경기도 성남시,1,657048960,현대,아이오닉9,16300000,인도공장
박도윤,여,59,50대 후반,경기도 성남시,5,3532315410,현대,아이오닉6,66910000,울산공장
박도윤,여,59,50대 후반,경기도 성남시,5,3532315410,현대,투싼,18910000,브라질공장
박도윤,여,59,50대 후반,경기도 성남시,5,3532315410,제네시스,GV60,55140000,체코공장
박도윤,여,59,50대 후반,경기도 성남시,5,3532315410,현대,캐스퍼,29840000,튀르키예공장
박도윤,여,59,50대 후반,경기도 성남시,5,3532315410,현대,스타리아,25820000,울산공장
윤현지,남,65,60대 중반,서울특별시,5,6285762140,제네시스,G70,67250000,인도공장
윤현지,남,65,60대 중반,서울특별시,5,6285762140,현대,스타리아,44040000,전주공장
윤현지,남,65,60대 중반,서울특별시,5,6285762140,현대,캐스퍼,20630000,체코공장
윤현지,남,65,60대 중반,서울특별시,5,6285762140,현대,투싼,67480000,브라질공장
윤현지,남,65,60대 중반,서울특별시,5,6285762140,현대,스타리아,44040000,전주공장
오승현,여,41,40대 초반,경기도 수원시,2,2439414450,현대,넥쏘,17060000,울산공장
오승현,여,41,40대 초반,경기도 수원시,2,2439414450,현대,아이오닉9,59260000,브라질공장
권재호,남,71,70대 초반,전라남도 목포시,3,875949840,현대,쏘나타,42730000,인도네시아공장
권재호,남,71,70대 초반,전라남도 목포시,3,875949840,제네시스,GV60,15340000,체코공장
권재호,남,71,70대 초반,전라남도 목포시,3,875949840,현대,아반떼,25280000,인도네시아공장
류경숙,여,69,60대 후반,경상남도 창원시,3,1195272520,현대,쏘나타,17000000,울산공장
류경숙,여,69,60대 후반,경상남도 창원시,3,1195272520,현대,쏘나타,17000000,울산공장
류경숙,여,69,60대 후반,경상남도 창원시,3,1195272520,현대,캐스퍼,20630000,체코공장
노상훈,남,67,60대 후반,부산광역시,5,3360994560,제네시스,G90,24950000,전주공장
노상훈,남,67,60대 후반,부산광역시,5,3360994560,현대,스타리아,42470000,튀르키예공장
노상훈,남,67,60대 후반,부산광역시,5,3360994560,현대,스타리아,60550000,앨라배마공장
노상훈,남,67,60대 후반,부산광역시,5,3360994560,현대,펠리세이드,42340000,인도공장
노상훈,남,67,60대 후반,부산광역시,5,3360994560,현대,펠리세이드,50560000,체코공장
양지훈,남,22,20대 초반,경기도 수원시,5,6543998000,제네시스,G80,35410000,중국공장
양지훈,남,22,20대 초반,경기도 수원시,5,6543998000,제네시스,GV80,25160000,울산공장
양지훈,남,22,20대 초반,경기도 수원시,5,6543998000,제네시스,G80,22750000,전주공장
양지훈,남,22,20대 초반,경기도 수원시,5,6543998000,제네시스,G90,34810000,전주공장
양지훈,남,22,20대 초반,경기도 수원시,5,6543998000,현대,스타리아,56170000,튀르키예공장
박지민,남,50,50대 초반,전라북도 전주시,5,1800263450,현대,캐스퍼,29840000,튀르키예공장
박지민,남,50,50대 초반,전라북도 전주시,5,1800263450,현대,아이오닉5,39330000,울산공장
박지민,남,50,50대 초반,전라북도 전주시,5,1800263450,제네시스,G70,67250000,인도공장
박지민,남,50,50대 초반,전라북도 전주시,5,1800263450,현대,쏘나타,17000000,울산공장
박지민,남,50,50대 초반,전라북도 전주시,5,1800263450,현대,그랜저,15640000,튀르키예공장
박정훈,여,40,40대 초반,광주광역시,5,5346235440,현대,아이오닉5,22690000,앨라배마공장
박정훈,여,40,40대 초반,광주광역시,5,5346235440,현대,그랜저,67760000,브라질공장
박정훈,여,40,40대 초반,광주광역시,5,5346235440,현대,스타리아,16890000,앨라배마공장
박정훈,여,40,40대 초반,광주광역시,5,5346235440,현대,베뉴,59880000,울산공장
박정훈,여,40,40대 초반,광주광역시,5,5346235440,현대,아이오닉5,38910000,앨라배마공장
최영일,여,48,40대 후반,충청남도 천안시,3,952867890,제네시스,GV70,25210000,체코공장
최영일,여,48,40대 후반,충청남도 천안시,3,952867890,제네시스,G80,21000000,울산공장
최영일,여,48,40대 후반,충청남도 천안시,3,952867890,현대,베뉴,23700000,튀르키예공장
곽도윤,여,70,70대 초반,경상북도 포항시,2,994792880,현대,아이오닉6,23600000,인도공장
곽도윤,여,70,70대 초반,경상북도 포항시,2,994792880,현대,그랜저,54930000,체코공장
양은주,남,26,20대 중반,서울특별시,1,438311680,현대,캐스퍼,29840000,튀르키예공장
김영식,남,43,40대 중반,광주광역시,2,2278709100,제네시스,GV70,49610000,아산공장
김영식,남,43,40대 중반,광주광역시,2,2278709100,현대,아이오닉6,66910000,울산공장
장지현,여,56,50대 중반,경기도 성남시,3,2284792200,제네시스,G80,21000000,울산공장
장지현,여,56,50대 중반,경기도 성남시,3,2284792200,현대,펠리세이드,27670000,전주공장
장지현,여,56,50대 중반,경기도 성남시,3,2284792200,현대,스타리아,60550000,앨라배마공장
김영숙,여,63,60대 중반,서울특별시,2,2685458720,제네시스,G80,40560000,브라질공장
김영숙,여,63,60대 중반,서울특별시,2,2685458720,현대,쏘나타,30700000,울산공장
홍영철,여,61,60대 초반,서울특별시,5,2682643860,제네시스,G80,39350000,인도공장
홍영철,여,61,60대 초반,서울특별시,5,2682643860,현대,펠리세이드,30280000,앨라배마공장
홍영철,여,61,60대 초반,서울특별시,5,2682643860,현대,투싼,41950000,아산공장
홍영철,여,61,60대 초반,서울특별시,5,2682643860,제네시스,G90,64110000,울산공장
홍영철,여,61,60대 초반,서울특별시,5,2682643860,현대,쏘나타,42310000,울산공장
박상철,여,28,20대 후반,충청북도 청주시,3,3990889680,현대,그랜저,67760000,브라질공장
박상철,여,28,20대 후반,충청북도 청주시,3,3990889680,현대,투싼,35270000,체코공장
박상철,여,28,20대 후반,충청북도 청주시,3,3990889680,현대,아반떼,53400000,싱가포르공장
이영희,여,26,20대 중반,인천광역시,3,1557498720,제네시스,G80,39350000,인도공장
이영희,여,26,20대 중반,인천광역시,3,1557498720,현대,펠리세이드,27670000,전주공장
이영희,여,26,20대 중반,인천광역시,3,1557498720,현대,투싼,29950000,튀르키예공장
박영일,여,35,30대 중반,경상북도 포항시,2,1113171220,제네시스,G70,62980000,아산공장
박영일,여,35,30대 중반,경상북도 포항시,2,1113171220,현대,펠리세이드,45050000,중국공장
최유진,남,50,50대 초반,광주광역시,4,5163151160,현대,스타리아,42470000,튀르키예공장
최유진,남,50,50대 초반,광주광역시,4,5163151160,제네시스,G90,48420000,싱가포르공장
최유진,남,50,50대 초반,광주광역시,4,5163151160,현대,그랜저,23780000,앨라배마공장
최유진,남,50,50대 초반,광주광역시,4,5163151160,현대,쏘나타,51450000,인도네시아공장
김지민,여,64,60대 중반,충청북도 청주시,5,7109869710,현대,스타리아,44040000,전주공장
김지민,여,64,60대 중반,충청북도 청주시,5,7109869710,현대,그랜저,63590000,튀르키예공장
김지민,여,64,60대 중반,충청북도 청주시,5,7109869710,현대,아이오닉5,31850000,인도네시아공장
김지민,여,64,60대 중반,충청북도 청주시,5,7109869710,현대,투싼,18910000,브라질공장
김지민,여,64,60대 중반,충청북도 청주시,5,7109869710,제네시스,GV80,18370000,앨라배마공장
한옥순,남,67,60대 후반,경상북도 포항시,4,2438829040,현대,쏘나타,46040000,인도네시아공장
한옥순,남,67,60대 후반,경상북도 포항시,4,2438829040,현대,캐스퍼,20630000,체코공장
한옥순,남,67,60대 후반,경상북도 포항시,4,2438829040,현대,아이오닉5,65510000,울산공장
한옥순,남,67,60대 후반,경상북도 포항시,4,2438829040,현대,스타리아,40580000,인도네시아공장
최옥순,여,47,40대 후반,대전광역시,2,620068050,제네시스,G70,30000000,전주공장
최옥순,여,47,40대 후반,대전광역시,2,620068050,제네시스,GV70,30850000,싱가포르공장
이예진,남,52,50대 초반,서울특별시,4,5925400000,제네시스,G90,16610000,브라질공장
이예진,남,52,50대 초반,서울특별시,4,5925400000,현대,베뉴,23700000,튀르키예공장
이예진,남,52,50대 초반,서울특별시,4,5925400000,현대,아반떼,41900000,앨라배마공장
이예진,남,52,50대 초반,서울특별시,4,5925400000,현대,아반떼,25280000,인도네시아공장
노예은,남,44,40대 중반,광주광역시,1,1454173580,현대,아이오닉5,65510000,울산공장
최영길,남,41,40대 초반,대구광역시,4,2040247100,현대,아반떼,53400000,싱가포르공장
최영길,남,41,40대 초반,대구광역시,4,2040247100,제네시스,GV60,46520000,중국공장
최영길,남,41,40대 초반,대구광역시,4,2040247100,현대,스타리아,42470000,튀르키예공장
최영길,남,41,40대 초반,대구광역시,4,2040247100,현대,아이오닉9,59260000,브라질공장
신시우,여,67,60대 후반,전라북도 전주시,2,907252920,제네시스,GV70,54430000,울산공장
신시우,여,67,60대 후반,전라북도 전주시,2,907252920,현대,아반떼,53400000,싱가포르공장
최춘자,여,49,40대 후반,충청남도 천안시,3,1063859600,제네시스,G80,43240000,아산공장
최춘자,여,49,40대 후반,충청남도 천안시,3,1063859600,현대,그랜저,18790000,전주공장
최춘자,여,49,40대 후반,충청남도 천안시,3,1063859600,제네시스,G80,41120000,중국공장
차서준,여,57,50대 후반,경상남도 창원시,2,950938230,제네시스,G90,48420000,싱가포르공장
차서준,여,57,50대 후반,경상남도 창원시,2,950938230,현대,펠리세이드,50560000,체코공장
안정희,남,41,40대 초반,대구광역시,2,1226832750,제네시스,G70,41130000,인도공장
안정희,남,41,40대 초반,대구광역시,2,1226832750,현대,아이오닉9,68340000,인도공장
최민수,여,65,60대 중반,전라남도 목포시,5,1863393840,현대,아이오닉6,68900000,싱가포르공장
최민수,여,65,60대 중반,전라남도 목포시,5,1863393840,현대,투싼,50610000,중국공장
최민수,여,65,60대 중반,전라남도 목포시,5,1863393840,현대,베뉴,59880000,울산공장
최민수,여,65,60대 중반,전라남도 목포시,5,1863393840,현대,쏘나타,46040000,인도네시아공장
최민수,여,65,60대 중반,전라남도 목포시,5,1863393840,현대,그랜저,63870000,전주공장
