브랜드,모델명,모델구분,탑승인원,트림명,차량구분,연료구분,차량형태,전장,전폭,전고,배기량,공차중량,CO2배출량,연비,기본가격,img_url
현대,아이오닉6,Standard,5인승,E-Lite,중형,전기,세단,4855 ,1880 ,1495 ,0 ,1800 ,0 ,6 ,49450000 ,https://www.hyundai.com/contents/vr360/CE02/exterior/R2P/001.png
현대,아이오닉6,Standard,5인승,Exclusive,중형,전기,세단,4855 ,1880 ,1495 ,0 ,1800 ,0 ,6 ,52090000 ,https://www.hyundai.com/contents/vr360/CE02/exterior/XB9/001.png
현대,아이오닉6,Standard,5인승,Exclusive+,중형,전기,세단,4855 ,1880 ,1495 ,0 ,1800 ,0 ,6 ,53880000 ,https://www.hyundai.com/contents/vr360/CE02/exterior/W6H/001.png
현대,아이오닉6,LongRange,5인승,E-Lite,중형,전기,세단,4855 ,1880 ,1495 ,0 ,1930 ,0 ,6 ,53300000 ,https://www.hyundai.com/contents/vr360/CE02/exterior/T9M/001.png
현대,아이오닉6,LongRange,5인승,Exclusive,중형,전기,세단,4855 ,1880 ,1495 ,0 ,1950 ,0 ,5 ,56930000 ,https://www.hyundai.com/contents/vr360/CE02/exterior/W6H-4NB/001.png
현대,아이오닉6,LongRange,5인승,Exclusive+,중형,전기,세단,4855 ,1880 ,1495 ,0 ,2035 ,0 ,6 ,58720000 ,https://www.hyundai.com/contents/vr360/CE02/exterior/A2B-4NB/001.png
현대,아이오닉6,LongRange,5인승,Prestige,중형,전기,세단,4855 ,1880 ,1495 ,0 ,2055 ,0 ,5 ,62510000 ,https://www.hyundai.com/contents/vr360/CE02/exterior/A2B-4NB/001.png
현대,아이오닉9,기본,7인승,익스클루시브,중형,전기,SUV,5060 ,1980 ,1790 ,0 ,2505 ,0 ,4 ,70730000 ,https://www.hyundai.com/contents/vr360/ME01/exterior/E/R5P/001.png
현대,아이오닉9,기본,7인승,프레스티지,중형,전기,SUV,5060 ,1980 ,1790 ,0 ,2605 ,0 ,4 ,77050000 ,https://www.hyundai.com/contents/vr360/ME01/exterior/E/Y2G/001.png
현대,아이오닉9,기본,7인승,캘리그래피,중형,전기,SUV,5060 ,1980 ,1790 ,0 ,2625 ,0 ,4 ,82070000 ,https://www.hyundai.com/contents/vr360/ME01/exterior/E/NH5/001.png
현대,아이오닉9,기본,6인승,익스클루시브,중형,전기,SUV,5060 ,1980 ,1790 ,0 ,2510 ,0 ,4 ,72710000 ,https://www.hyundai.com/contents/vr360/ME01/exterior/B/Y2G/001.png
현대,아이오닉9,기본,6인승,프레스티지,중형,전기,SUV,5060 ,1980 ,1790 ,0 ,,0 ,4 ,78620000 ,https://www.hyundai.com/contents/vr360/ME01/exterior/B/XB9/001.png
현대,아이오닉9,기본,6인승,캘리그래피,중형,전기,SUV,5060 ,1980 ,1790 ,0 ,,0 ,4 ,83640000 ,https://www.hyundai.com/contents/vr360/ME01/exterior/B/A2B/001.png
현대,아이오닉5,Standard,5인승,E-Value+,중형,전기,세단,4715 ,1940 ,1585 ,0 ,2200 ,0 ,4 ,49510000 ,https://www.hyundai.com/contents/vr360/NE04/exterior/U3P/001.png
현대,아이오닉5,Standard,5인승,Exclusive,중형,전기,세단,4715 ,1940 ,1585 ,0 ,2200 ,0 ,4 ,52560000 ,https://www.hyundai.com/contents/vr360/NE04/exterior/M9U/001.png
현대,아이오닉5,LongRange,5인승,Exclusive,중형,전기,세단,4715 ,1940 ,1585 ,0 ,2200 ,0 ,4 ,56980000 ,https://www.hyundai.com/contents/vr360/NE04/exterior/SAW/001.png
현대,아이오닉5,LongRange,5인승,Prestige,중형,전기,세단,4715 ,1940 ,1585 ,0 ,2200 ,0 ,4 ,61990000 ,https://www.hyundai.com/contents/vr360/NE04/exterior/C5G/001.png
현대,아이오닉5,LongRange,5인승,NLine,중형,전기,세단,4715 ,1940 ,1585 ,0 ,2200 ,0 ,4 ,63150000 ,https://www.hyundai.com/contents/vr360/NE04/exterior/PE2/001.png
현대,아이오닉5,LongRange,5인승,E-Lite,중형,전기,세단,4715 ,1940 ,1585 ,0 ,2200 ,0 ,4 ,53300000 ,https://www.hyundai.com/contents/vr360/NE04/exterior/A2B/001.png
현대,스타리아,카고,3인승,Modern,대형,디젤,승합차,5255 ,1995 ,2000 ,2199 ,2005 ,156 ,12 ,28470000 ,https://www.hyundai.com/contents/vr360/US17/exterior/YAC/001.png
현대,스타리아,카고,5인승,Modern,대형,디젤,승합차,5255 ,1995 ,2000 ,2199 ,2080 ,161 ,12 ,29160000 ,https://www.hyundai.com/contents/vr360/US17/exterior/R2T/001.png
현대,스타리아,투어러,11인승,Modern,대형,디젤,승합차,5255 ,1995 ,1990 ,2199 ,2390 ,190 ,10 ,30510000 ,https://www.hyundai.com/contents/vr360/US17/exterior/PE2/001.png
현대,스타리아,투어러,9인승,Prestige,대형,하이브리드,승합차,5255 ,1995 ,1990 ,1598 ,2220 ,132 ,12 ,41100000 ,https://www.hyundai.com/contents/vr360/US17/exterior/A2B/060.png
현대,스타리아,투어러,11인승,Inspiration,대형,하이브리드,승합차,5255 ,1995 ,1990 ,1598 ,2315 ,130 ,13 ,44970000 ,https://www.hyundai.com/contents/vr360/US17/exterior/NFA/057.png
현대,스타리아,투어러,9인승,Limousine,대형,LPG,승합차,5255 ,1995 ,1990 ,3470 ,2190 ,197 ,7 ,59110000 ,https://www.hyundai.com/contents/vr360/US17/exterior/YAC/001.png
현대,스타리아,투어러,11인승,Modern,대형,LPG,승합차,5255 ,1995 ,1990 ,3470 ,2270 ,199 ,7 ,32380000 ,https://www.hyundai.com/contents/vr360/US17/exterior/R2T/001.png
현대,스타리아,카고,3인승,Modern,대형,LPG,승합차,5255 ,1995 ,2000 ,3470 ,1990 ,189 ,7 ,30280000 ,https://www.hyundai.com/contents/vr360/US17/exterior/PE2/001.png
현대,스타리아,라운지,9인승,Prestige,대형,디젤,승합차,5255 ,1995 ,1990 ,2199 ,2240 ,171 ,11 ,37800000 ,https://www.hyundai.com/contents/vr360/US17/exterior/A2B/060.png
현대,스타리아,라운지,9인승,Inspiration,대형,디젤,승합차,5255 ,1995 ,1990 ,2199 ,2240 ,171 ,11 ,41670000 ,https://www.hyundai.com/contents/vr360/US17/exterior/NFA/057.png
현대,스타리아,라운지,7인승,Inspiration,대형,디젤,승합차,5255 ,1995 ,1990 ,2199 ,2240 ,171 ,11 ,42840000 ,https://www.hyundai.com/contents/vr360/US17/exterior/YAC/001.png
현대,스타리아,카고,3인승,Limousine,대형,하이브리드,승합차,5255 ,1995 ,2000 ,1598 ,1985 ,125 ,13 ,62410000 ,https://www.hyundai.com/contents/vr360/US17/exterior/R2T/001.png
현대,스타리아,카고,3인승,Inspiration,대형,하이브리드,승합차,5255 ,1995 ,2000 ,1598 ,1985 ,125 ,13 ,46140000 ,https://www.hyundai.com/contents/vr360/US17/exterior/PE2/001.png
현대,스타리아,카고,3인승,Limousine,대형,하이브리드,승합차,5255 ,1995 ,2000 ,1598 ,1985 ,125 ,13 ,64550000 ,https://www.hyundai.com/contents/vr360/US17/exterior/A2B/060.png
현대,펠리세이드,기본,9인승,Exclusive,대형,하이브리드,SUV,5060 ,1980 ,1805 ,2497 ,2055 ,114 ,14 ,49820000 ,https://www.hyundai.com/contents/vr360/FX01/exterior/A/WC9/001.png
현대,펠리세이드,기본,9인승,Prestige,대형,하이브리드,SUV,5060 ,1980 ,1805 ,2497 ,2055 ,114 ,14 ,55360000 ,https://www.hyundai.com/contents/vr360/FX01/exterior/B/WC9/001.png
현대,펠리세이드,기본,9인승,Calligraphy,대형,하이브리드,SUV,5060 ,1980 ,1805 ,2497 ,2055 ,114 ,14 ,61860000 ,https://www.hyundai.com/contents/vr360/FX01/exterior/C/R8N/001.png
현대,펠리세이드,기본,7인승,Exclusive,대형,하이브리드,SUV,5060 ,1980 ,1805 ,2497 ,2055 ,114 ,14 ,51460000 ,https://www.hyundai.com/contents/vr360/FX01/exterior/A/PE2/001.png
현대,펠리세이드,기본,7인승,Prestige,대형,하이브리드,SUV,5060 ,1980 ,1805 ,2497 ,2055 ,114 ,14 ,57290000 ,https://www.hyundai.com/contents/vr360/FX01/exterior/B/A2B/001.png
현대,펠리세이드,기본,7인승,Calligraphy,대형,하이브리드,SUV,5060 ,1980 ,1805 ,2497 ,2055 ,114 ,14 ,64240000 ,https://www.hyundai.com/contents/vr360/FX01/exterior/C/WC9/001.png
현대,펠리세이드,기본,9인승,Exclusive,대형,가솔린,SUV,5060 ,1980 ,1805 ,2497 ,2055 ,193 ,9 ,43830000 ,https://www.hyundai.com/contents/vr360/FX01/exterior/A/CBP/001.png
현대,펠리세이드,기본,9인승,Prestige,대형,가솔린,SUV,5060 ,1980 ,1805 ,2497 ,2055 ,193 ,9 ,49360000 ,https://www.hyundai.com/contents/vr360/FX01/exterior/B/PE2/001.png
현대,펠리세이드,기본,9인승,Calligraphy,대형,가솔린,SUV,5060 ,1980 ,1805 ,2497 ,2055 ,193 ,9 ,55860000 ,https://www.hyundai.com/contents/vr360/FX01/exterior/C/CBP/001.png
현대,펠리세이드,기본,7인승,Exclusive,대형,가솔린,SUV,5060 ,1980 ,1805 ,2497 ,2090 ,197 ,9 ,45160000 ,https://www.hyundai.com/contents/vr360/FX01/exterior/A/GMP/001.png
현대,펠리세이드,기본,7인승,Prestige,대형,가솔린,SUV,5060 ,1980 ,1805 ,2497 ,2090 ,197 ,9 ,50990000 ,https://www.hyundai.com/contents/vr360/FX01/exterior/B/CRP/001.png
현대,펠리세이드,기본,7인승,Calligraphy,대형,가솔린,SUV,5060 ,1980 ,1805 ,2497 ,2090 ,197 ,9 ,57940000 ,https://www.hyundai.com/contents/vr360/FX01/exterior/C/GMP/001.png
제네시스,G80,G80,5인승,기본,중형,가솔린,세단,5005 ,1925 ,1465 ,2497 ,1900 ,166 ,9 ,59900000 ,https://www.genesis.com/content/dam/genesis-p2/kr/assets/models/g80/24fl/color/genesis-kr-g80-facelift-standard-color-matte-makalu-gray-small.png
제네시스,G80,G80,5인승,BLACK,중형,가솔린,세단,5005 ,1925 ,1465 ,2497 ,1915 ,166 ,9 ,82750000 ,https://www.genesis.com/content/dam/genesis-p2/kr/assets/models/g80/24fl/color/genesis-kr-g80-facelift-standard-color-matte-makalu-gray-small.png
제네시스,G80,ELECTRIFIED,5인승,EV,중형,전기,세단,5135 ,1925 ,1480 ,0 ,0 ,166 ,4 ,84900000 ,https://www.genesis.com/content/dam/genesis-p2/kr/assets/models/g80/24fl/color/genesis-kr-g80-facelift-standard-color-matte-makalu-gray-small.png
제네시스,GV60,GV60,5인승,기본,소형,전기,SUV,4545 ,1890 ,1580 ,0 ,2020 ,0 ,5 ,68360000 ,https://www.genesis.com/content/dam/genesis-p2/worldwide/assets/models/gv60/24my/color/genesis-ww-gv60-colors-05-glossy-hanauma-mint-small.png
제네시스,GV70,ELECTRIFIED,5인승,EV,준중형,전기,SUV,4715 ,1910 ,1630 ,0 ,1915 ,0 ,5 ,79310000 ,https://www.car-dict.com/wp-content/uploads/2023/08/GV70-%ED%8E%98%EC%9D%B4%EC%8A%A4%EB%A6%AC%ED%94%84%ED%8A%B8.png
제네시스,GV70,GV70,5인승,가솔린2.5터보,준중형,가솔린,SUV,4715 ,1910 ,1630 ,2497 ,1940 ,171 ,9 ,53800000 ,https://www.car-dict.com/wp-content/uploads/2023/08/GV70-%ED%8E%98%EC%9D%B4%EC%8A%A4%EB%A6%AC%ED%94%84%ED%8A%B8.png
제네시스,G70,G70,5인승,SHOOTINGBRAKE,준중형,가솔린,세단,4685 ,1850 ,1400 ,1998 ,1660 ,190 ,10 ,45450000 ,https://www.genesis.com/content/dam/genesis-p2/kr/assets/models/g70/renewal/exterior/color/genesis-kr-g70-sport-color-glossy-makalu-gray-small.png
제네시스,G70,G70,5인승,기본,준중형,가솔린,세단,4685 ,1850 ,1400 ,1998 ,1675 ,171 ,10 ,43470000 ,https://www.genesis.com/content/dam/genesis-p2/kr/assets/models/g70/renewal/exterior/color/genesis-kr-g70-standard-color-glossy-kawah-blue-small.png
제네시스,G90,G90,5인승,기본,대형,가솔린,세단,5275 ,1930 ,1490 ,3470 ,2195 ,184 ,9 ,97600000 ,https://m.charentcar.com/web/product/big/202206/9919d3d36043a83161be036158c38dee.png
제네시스,G90,G90,5인승,LONGWHEELBASE,대형,가솔린,세단,5465 ,1930 ,1490 ,3470 ,2395 ,202 ,9 ,167900000 ,https://www.genesis.com/content/dam/genesis-p2/kr/admin/model-information/G80%20Black/list-thumbnail/2025-01-06/16-00-12/genesis-kr-admin-model-list-thumbnail-g80-black-25my-pc-630x240-ko.png
제네시스,G90,G90,5인승,BLACK,대형,가솔린,세단,5465 ,1930 ,1490 ,3470 ,2255 ,190 ,9 ,129600000 ,https://m.charentcar.com/web/product/big/202206/9919d3d36043a83161be036158c38dee.png
제네시스,G90,G90,5인승,LONGWHEELBASEBLACK,대형,가솔린,세단,5465 ,1930 ,1490 ,3470 ,2395 ,190 ,9 ,175200000 ,https://m.charentcar.com/web/product/big/202206/9919d3d36043a83161be036158c38dee.png
제네시스,GV80,GV80,5인승,기본,중형,가솔린,SUV,4955 ,1975 ,1715 ,2497 ,2130 ,179 ,10 ,69800000 ,https://www.genesis.com/content/dam/genesis-p2/kr/bto/jp/a/jp_uyh_a.png.thumb.1280.720.png
제네시스,GV80,GV80,5인승,BLACK,중형,가솔린,SUV,4955 ,1975 ,1715 ,2497 ,2215 ,179 ,9 ,94400000 ,https://www.genesis.com/content/dam/genesis-p2/kr/assets/models/gv80/24fl/color-view/genesis-kr-gv80-facelift-color-glossy-uyuni-white-small.png
제네시스,GV80,GV80,5인승,COUPE,중형,가솔린,SUV,4955 ,1975 ,1715 ,3470 ,2310 ,179 ,8 ,81800000 ,https://www.genesis.com/content/dam/genesis-p2/kr/assets/models/gv80/24fl/color-view/genesis-kr-gv80-facelift-color-glossy-uyuni-white-small.png
제네시스,GV80,GV80,5인승,COUPEBLACK,중형,가솔린,SUV,4955 ,1975 ,1715 ,3470 ,2310 ,185 ,8 ,100300000 ,https://www.genesis.com/content/dam/genesis-p2/kr/assets/models/gv80/24fl/color-view/genesis-kr-gv80-facelift-color-glossy-uyuni-white-small.png
현대,그랜저,기본,5인승,프리미엄,대형,가솔린,세단,5035 ,1880 ,1460 ,2497 ,1620 ,143 ,12 ,37680000 ,https://www.hyundai.com/contents/vr360/GN05/exterior/T9M/001.png
현대,그랜저,기본,5인승,익스클루시브,대형,가솔린,세단,5035 ,1880 ,1460 ,2497 ,1635 ,148 ,11 ,42580000 ,https://www.hyundai.com/contents/vr360/GN05/exterior/VAM/001.png
현대,그랜저,기본,5인승,캘리그래피,대형,가솔린,세단,5035 ,1880 ,1460 ,2497 ,1655 ,150 ,11 ,47210000 ,https://www.hyundai.com/contents/vr360/GN05/exterior/NGM/001.png
현대,그랜저,기본,5인승,블랙익스테리어,대형,가솔린,세단,5035 ,1880 ,1460 ,2497 ,1655 ,150 ,11 ,47210000 ,https://www.hyundai.com/contents/vr360/GN05/exterior/W6H-R/001.png
현대,그랜저,기본,5인승,블랙잉크,대형,가솔린,세단,5035 ,1880 ,1460 ,2497 ,1655 ,150 ,11 ,55160000 ,https://www.hyundai.com/contents/vr360/GN05/exterior/A2B-K/001.png
현대,그랜저,LPG3.5,5인승,프리미엄,대형,LPG,세단,5035 ,1880 ,1460 ,3470 ,1715 ,170 ,8 ,39160000 ,https://www.hyundai.com/contents/vr360/GN06/exterior/T2G/001.png
현대,그랜저,LPG3.5,5인승,익스클루시브,대형,LPG,세단,5035 ,1880 ,1460 ,3470 ,1750 ,183 ,7 ,44060000 ,https://www.hyundai.com/contents/vr360/GN06/exterior/NGM/001.png
현대,그랜저,하이브리드,5인승,프리미엄,대형,하이브리드,세단,5035 ,1880 ,1460 ,1598 ,1700 ,88 ,18 ,44340000 ,https://www.hyundai.com/contents/vr360/GN06/exterior/NGM/001.png
현대,그랜저,하이브리드,5인승,익스클루시브,대형,하이브리드,세단,5035 ,1880 ,1460 ,1598 ,1715 ,96 ,17 ,49240000 ,https://www.hyundai.com/contents/vr360/GN06/exterior/W6H-R/001.png
현대,그랜저,하이브리드,5인승,캘리그래피,대형,하이브리드,세단,5035 ,1880 ,1460 ,1598 ,1735 ,103 ,16 ,53870000 ,https://www.hyundai.com/contents/vr360/GN06/exterior/NY9/001.png
현대,그랜저,하이브리드,5인승,블랙익스테리어,대형,하이브리드,세단,5035 ,1880 ,1460 ,1598 ,1735 ,103 ,16 ,53870000 ,https://www.hyundai.com/contents/vr360/GN06/exterior/A2B-R/001.png
현대,그랜저,하이브리드,5인승,블랙잉크,대형,하이브리드,세단,5035 ,1880 ,1460 ,1598 ,1735 ,103 ,16 ,53870000 ,https://www.hyundai.com/contents/vr360/GN06/exterior/A2B-K/001.png
현대,그랜저,하이브리드,5인승,블랙잉크,대형,하이브리드,세단,5035 ,1880 ,1460 ,1598 ,1735 ,103 ,16 ,55160000 ,https://www.hyundai.com/contents/vr360/GN06/exterior/W6H-K/001.png
현대,투싼,1.6T가솔린2WD,5인승,Modern,중형,가솔린,SUV,4630 ,1865 ,1665 ,1555 ,1598 ,144 ,13 ,27290000 ,https://www.hyundai.com/contents/vr360/NX13/exterior/R2T/001.png
현대,투싼,1.6T가솔린2WD,5인승,Premium,중형,가솔린,SUV,4630 ,1865 ,1665 ,1555 ,1598 ,144 ,12 ,30190000 ,https://www.hyundai.com/contents/vr360/NX13/exterior/PS8/001.png
현대,투싼,1.6T가솔린2WD,5인승,NLinePremium,중형,가솔린,SUV,4630 ,1865 ,1665 ,1730 ,1998 ,144 ,12 ,31740000 ,https://www.hyundai.com/contents/vr360/NX15/exterior/TCM/001.png
현대,투싼,1.6T가솔린2WD,5인승,Inspiration,중형,가솔린,SUV,4630 ,1865 ,1665 ,1555 ,1598 ,144 ,12 ,33880000 ,https://www.hyundai.com/contents/vr360/NX13/exterior/R2P/001.png
현대,투싼,1.6T가솔린2WD,5인승,NLineInspiration,중형,가솔린,SUV,4630 ,1865 ,1665 ,1730 ,1998 ,95 ,12 ,34680000 ,https://www.hyundai.com/contents/vr360/NX15/exterior/R4G/001.png
현대,투싼,1.6T하이브리드2WD,5인승,Modern,중형,하이브리드,SUV,4630 ,1865 ,1665 ,1555 ,1598 ,95 ,17 ,32560000 ,https://www.hyundai.com/contents/vr360/NX14/exterior/R2T/001.png
현대,투싼,1.6T하이브리드2WD,5인승,Premium,중형,하이브리드,SUV,4630 ,1865 ,1665 ,1555 ,1598 ,95 ,16 ,35320000 ,https://www.hyundai.com/contents/vr360/NX14/exterior/TCM/001.png
현대,투싼,1.6T하이브리드2WD,5인승,NLinePremium,중형,하이브리드,SUV,4630 ,1865 ,1665 ,1730 ,1998 ,95 ,16 ,36870000 ,https://www.hyundai.com/contents/vr360/NX16/exterior/TW3/001.png
현대,투싼,1.6T하이브리드2WD,5인승,Inspiration,중형,하이브리드,SUV,4630 ,1865 ,1665 ,1730 ,1998 ,95 ,16 ,39010000 ,https://www.hyundai.com/contents/vr360/NX14/exterior/R2P/001.png
현대,투싼,1.6T하이브리드2WD,5인승,NLineInspiration,중형,하이브리드,SUV,4630 ,1865 ,1665 ,1730 ,1998 ,95 ,16 ,39810000 ,https://www.hyundai.com/contents/vr360/NX16/exterior/R2P/001.png
현대,쏘나타,스마트스트림가솔린2.0,5인승,Premium,준중형,가솔린,세단,4900 ,1860 ,1445 ,1999 ,1475 ,132 ,13 ,28310000 ,https://www.hyundai.com/contents/repn-car/side-45/main-sonata-the-edge-25my-45side.png
현대,쏘나타,스마트스트림가솔린2.0,5인승,Exclusive,준중형,가솔린,세단,4900 ,1860 ,1445 ,1999 ,1475 ,132 ,13 ,32010000 ,https://www.hyundai.com/contents/repn-car/side-45/main-sonata-the-edge-25my-45side.png
현대,쏘나타,스마트스트림가솔린2.0,5인승,Inspiration,준중형,가솔린,세단,4900 ,1860 ,1445 ,1999 ,1475 ,132 ,13 ,35360000 ,https://www.hyundai.com/contents/repn-car/side-45/main-sonata-the-edge-25my-45side.png
현대,쏘나타,스마트스트림가솔린1.6터보,5인승,Premium,준중형,가솔린,세단,4900 ,1860 ,1445 ,1598 ,1490 ,123 ,14 ,28980000 ,https://www.hyundai.com/contents/repn-car/side-45/main-sonata-the-edge-25my-45side.png
현대,쏘나타,스마트스트림LPG2.0,5인승,Premium,준중형,LPG,세단,4900 ,1860 ,1445 ,1999 ,1490 ,134 ,10 ,29200000 ,https://www.hyundai.com/contents/repn-car/side-45/main-sonata-the-edge-25my-45side.png
현대,쏘나타,스마트스트림가솔린2.0하이브리드,5인승,Premium,준중형,하이브리드,세단,4900 ,1860 ,1445 ,1999 ,1490 ,134 ,19 ,31000000 ,https://www.hyundai.com/contents/repn-car/side-45/main-sonata-the-edge-hybrid-25my-45side.png
현대,쏘나타,스마트스트림가솔린1.6터보,5인승,NLine,준중형,가솔린,세단,4900 ,1860 ,1445 ,1598 ,1500 ,126 ,13 ,33710000 ,https://www.hyundai.com/contents/repn-car/side-45/main-sonata-the-edge-25my-45side.png
현대,쏘나타,스마트스트림가솔린2.5터보,5인승,NLine,준중형,가솔린,세단,4900 ,1860 ,1445 ,2497 ,1550 ,170 ,11 ,38950000 ,https://www.hyundai.com/contents/repn-car/side-45/main-sonata-the-edge-25my-45side.png
현대,쏘나타,스마트스트림가솔린2.0하이브리드,5인승,Premium,준중형,하이브리드,세단,4900 ,1860 ,1445 ,1999 ,1550 ,170 ,19 ,32530000 ,https://www.hyundai.com/contents/repn-car/side-45/main-sonata-the-edge-hybrid-25my-45side.png
현대,쏘나타,스마트스트림가솔린2.0하이브리드,5인승,Exclusive,준중형,하이브리드,세단,4900 ,1860 ,1445 ,1999 ,1550 ,170 ,19 ,36250000 ,https://www.hyundai.com/contents/repn-car/side-45/main-sonata-the-edge-hybrid-25my-45side.png
현대,쏘나타,스마트스트림가솔린2.0하이브리드,5인승,Inspiration,준중형,하이브리드,세단,4900 ,1860 ,1445 ,1999 ,1550 ,170 ,19 ,39650000 ,https://www.hyundai.com/contents/repn-car/side-45/main-sonata-the-edge-hybrid-25my-45side.png
현대,아반떼,스마트스트림가솔린1.6,5인승,Smart,준중형,가솔린,세단,4710 ,1825 ,1420 ,1598 ,1235 ,118 ,15 ,19940000 ,https://www.hyundai.com/contents/repn-car/side-45/main-avante-25my-45side.png
현대,아반떼,스마트스트림가솔린1.6,5인승,Modern,준중형,가솔린,세단,4710 ,1825 ,1420 ,1598 ,1235 ,118 ,15 ,23260000 ,https://www.hyundai.com/contents/repn-car/side-45/main-avante-25my-45side.png
현대,아반떼,스마트스트림가솔린1.6,5인승,Inspiration,준중형,가솔린,세단,4710 ,1825 ,1420 ,1598 ,1235 ,118 ,15 ,26990000 ,https://www.hyundai.com/contents/repn-car/side-45/main-avante-25my-45side.png
현대,아반떼,스마트스트림가솔린1.6하이브리드,5인승,SmartHybrid,준중형,하이브리드,세단,4710 ,1825 ,1420 ,1598 ,1235 ,0 ,21 ,26170000 ,https://www.hyundai.com/contents/repn-car/side-45/main-avante-25my-45side.png
현대,아반떼,스마트스트림가솔린1.6터보,5인승,NLineModern,준중형,가솔린,세단,4710 ,1825 ,1420 ,1598 ,1235 ,118 ,14 ,29490000 ,https://www.hyundai.com/contents/repn-car/side-45/main-avante-25my-45side.png
현대,아반떼,가솔린2.0터보플랫파워,5인승,AvanteN,준중형,가솔린,세단,4710 ,1825 ,1420 ,1998 ,1235 ,118 ,10 ,33600000 ,https://www.hyundai.com/contents/repn-car/side-45/main-avante-n-25my-45side.png
현대,베뉴,기본,5인승,프리미엄,소형,가솔린,SUV,4040 ,1770 ,1585 ,1598 ,1180 ,125 ,14 ,21130000 ,https://www.hyundai.com/contents/vr360/QX06/exterior/R20/001.png
현대,베뉴,기본,5인승,FLUX,소형,가솔린,SUV,4040 ,1770 ,1585 ,1598 ,1215 ,125 ,14 ,23760000 ,https://www.hyundai.com/contents/vr360/QX06/exterior/C50/001.png
현대,넥쏘,기본,5인승,프리미엄,중형,수소,SUV,4670 ,1860 ,1630 ,0 ,1840 ,0 ,96 ,73200000 ,https://www.hyundai.com/contents/vr360/FE04/exterior/A5G/001.png
현대,캐스퍼,일렉트릭,5인승,프리미엄,소형,전기,SUV,3625 ,1625 ,1575 ,0 ,1300 ,0 ,6 ,27400000 ,https://casper.hyundai.com/_nuxt/img/trim-img-01.811d5ec.png
현대,캐스퍼,일렉트릭,5인승,인스퍼레이션,소형,전기,SUV,3625 ,1625 ,1575 ,0 ,1335 ,0 ,6 ,29900000 ,https://casper.hyundai.com/_nuxt/img/trim-img-02.e80e8db.png
현대,캐스퍼,일렉트릭,5인승,크로스,소형,전기,SUV,3625 ,1625 ,1575 ,0 ,1370 ,0 ,5 ,31900000 ,https://casper.hyundai.com/_nuxt/img/trim-img-03.65563c7.png
현대,캐스퍼,기본,5인승,스마트,소형,가솔린,SUV,3625 ,1625 ,1575 ,998 ,995 ,99 ,14 ,14600000 ,https://casper.hyundai.com/_nuxt/img/trim-smart.32aafbf.png
현대,캐스퍼,기본,5인승,디에센셜,소형,가솔린,SUV,3625 ,1625 ,1575 ,998 ,1050 ,99 ,14 ,16800000 ,https://casper.hyundai.com/_nuxt/img/trim-essential.b03d6e6.png
현대,캐스퍼,기본,5인승,인스퍼레이션,소형,가솔린,SUV,3625 ,1625 ,1575 ,998 ,1070 ,99 ,14 ,19800000 ,https://casper.hyundai.com/_nuxt/img/trim-insperation.2c4b772.png
현대,코나,하이브리드,5인승,Modern,소형,하이브리드,SUV,4350 ,1825 ,1580 ,1580 ,1598 ,87 ,18 ,31020000 ,https://www.hyundai.com/contents/vr360/SX07/exterior/RRR/001.png
현대,코나,하이브리드,5인승,PLUS,소형,하이브리드,SUV,4350 ,1825 ,1580 ,1580 ,1598 ,87 ,18 ,31660000 ,https://www.hyundai.com/contents/vr360/SX07/exterior/SAW/001.png
현대,코나,하이브리드,5인승,Premium,소형,하이브리드,SUV,4350 ,1825 ,1580 ,1580 ,1598 ,87 ,18 ,33210000 ,https://www.hyundai.com/contents/vr360/SX07/exterior/C5G/001.png
현대,코나,하이브리드,5인승,NLinePremium,소형,하이브리드,SUV,4350 ,1825 ,1580 ,1580 ,1598 ,87 ,18 ,34840000 ,https://www.hyundai.com/contents/vr360/SX07/exterior/PE2/001.png
현대,코나,하이브리드,5인승,Inspiration,소형,하이브리드,SUV,4350 ,1825 ,1580 ,1580 ,1598 ,87 ,18 ,36380000 ,https://www.hyundai.com/contents/vr360/SX07/exterior/YYY/001.png
현대,코나,하이브리드,5인승,NLineInspiration,소형,하이브리드,SUV,4350 ,1825 ,1580 ,1580 ,1598 ,87 ,18 ,37370000 ,https://www.hyundai.com/contents/vr360/SX07/exterior/R2P/001.png
현대,코나,Standard,5인승,E-Value+,소형,전기,SUV,4350 ,1825 ,1580 ,1580 ,0 ,0 ,6 ,43630000 ,https://www.hyundai.com/contents/vr360/SX07/exterior/A2B/001.png
현대,코나,Standard,5인승,Premium,소형,전기,SUV,4350 ,1825 ,1580 ,1580 ,0 ,0 ,6 ,45840000 ,https://www.hyundai.com/contents/vr360/SX07/exterior/RR0/001.png
현대,코나,LongRange,5인승,Premium,소형,전기,SUV,4350 ,1825 ,1580 ,1580 ,0 ,0 ,6 ,49000000 ,https://www.hyundai.com/contents/vr360/SX07/exterior/SA0/001.png
현대,코나,LongRange,5인승,NLinePremium,소형,전기,SUV,4350 ,1825 ,1580 ,1580 ,0 ,0 ,5 ,50880000 ,https://www.hyundai.com/contents/vr360/SX07/exterior/C50/001.png
현대,코나,LongRange,5인승,Inspiration,소형,전기,SUV,4350 ,1825 ,1580 ,1580 ,0 ,0 ,6 ,52580000 ,https://www.hyundai.com/contents/vr360/SX07/exterior/YY0/001.png
현대,코나,LongRange,5인승,NLineInspiration,소형,전기,SUV,4350 ,1825 ,1580 ,1580 ,0 ,0 ,5 ,53570000 ,https://www.hyundai.com/contents/vr360/SX07/exterior/R20/001.png
현대,코나,LongRange,5인승,ModernPlus,소형,전기,SUV,4350 ,1825 ,1580 ,1580 ,0 ,0 ,6 ,48090000 ,https://www.hyundai.com/contents/vr360/SX07/exterior/YYY/001.png
현대,코나,스마트스트림가솔린1.6터보,5인승,Modern,소형,가솔린,SUV,4350 ,1825 ,1580 ,1598 ,1598 ,150 ,11 ,25160000 ,https://www.hyundai.com/contents/vr360/SX07/exterior/RRR/001.png
현대,코나,스마트스트림가솔린1.6터보,5인승,ModernPLUS,소형,가솔린,SUV,4350 ,1825 ,1580 ,1598 ,1598 ,150 ,11 ,25800000 ,https://www.hyundai.com/contents/vr360/SX07/exterior/SAW/001.png
현대,코나,스마트스트림가솔린1.6터보,5인승,Premium,소형,가솔린,SUV,4350 ,1825 ,1580 ,1598 ,1598 ,150 ,11 ,27790000 ,https://www.hyundai.com/contents/vr360/SX07/exterior/C5G/001.png
현대,코나,스마트스트림가솔린1.6터보,5인승,NLinePremium,소형,가솔린,SUV,4350 ,1825 ,1580 ,1598 ,1598 ,150 ,11 ,29420000 ,https://www.hyundai.com/contents/vr360/SX07/exterior/PE2/001.png
현대,코나,스마트스트림가솔린1.6터보,5인승,Inspiration,소형,가솔린,SUV,4350 ,1825 ,1580 ,1598 ,1598 ,150 ,11 ,31200000 ,https://www.hyundai.com/contents/vr360/SX07/exterior/YYY/001.png
현대,코나,스마트스트림가솔린1.6터보,5인승,NLineInspiration,소형,가솔린,SUV,4350 ,1825 ,1580 ,1598 ,1598 ,150 ,11 ,32190000 ,https://www.hyundai.com/contents/vr360/SX07/exterior/R2P/001.png
현대,코나,스마트스트림가솔린2.0,5인승,Modern(모던),소형,가솔린,SUV,4350 ,1825 ,1580 ,1999 ,1999 ,121 ,14 ,24460000 ,https://www.hyundai.com/contents/vr360/SX07/exterior/A2B/001.png
현대,코나,스마트스트림가솔린2.0,5인승,ModernPLUS,소형,가솔린,SUV,4350 ,1825 ,1580 ,1999 ,1999 ,121 ,14 ,25100000 ,https://www.hyundai.com/contents/vr360/SX07/exterior/RR0/001.png
현대,코나,스마트스트림가솔린2.0,5인승,Premium,소형,가솔린,SUV,4350 ,1825 ,1580 ,1999 ,1999 ,121 ,14 ,27100000 ,https://www.hyundai.com/contents/vr360/SX07/exterior/SA0/001.png
현대,코나,스마트스트림가솔린2.0,5인승,NLinePremium,소형,가솔린,SUV,4350 ,1825 ,1580 ,1999 ,1999 ,121 ,14 ,28730000 ,https://www.hyundai.com/contents/vr360/SX07/exterior/C50/001.png
현대,코나,스마트스트림가솔린2.0,5인승,Inspiration,소형,가솔린,SUV,4350 ,1825 ,1580 ,1999 ,1999 ,121 ,14 ,30510000 ,https://www.hyundai.com/contents/vr360/SX07/exterior/YY0/001.png
현대,코나,스마트스트림가솔린2.0,5인승,NLineInspiration,소형,가솔린,SUV,4350 ,1825 ,1580 ,1999 ,1999 ,121 ,14 ,31500000 ,https://www.hyundai.com/contents/vr360/SX07/exterior/R20/001.png
기아,레이,기본,4인승,라이트,소형,전기,미니벤,5060 ,1980 ,1790 ,0 ,2635 ,0 ,4 ,27750000 ,https://www.kia.com/content/dam/kwp/kr/ko/vehicles/represent/krtm208/ray-ev_tmjc5vo3f_o_ud.png
기아,레이,기본,4인승,에어,소형,전기,미니벤,5060 ,1980 ,1790 ,0 ,2635 ,0 ,4 ,29350000 ,https://www.kia.com/content/dam/kwp/kr/ko/vehicles/represent/krtm208/ray-ev_tmjc5vo3f_a_m9y.png
기아,레이,기본,2인승,라이트,소형,전기,미니벤,5060 ,1980 ,1790 ,0 ,2605 ,0 ,4 ,27450000 ,https://www.kia.com/content/dam/kwp/kr/ko/vehicles/represent/krtm208/ray-ev_tmjc5vo3f_a_m9y.png
기아,레이,기본,2인승,에어,소형,전기,미니벤,5060 ,1980 ,1790 ,0 ,2605 ,0 ,4 ,27950000 ,https://www.kia.com/content/dam/kwp/kr/ko/vehicles/represent/krtm208/ray-ev_tmjv1vp3f_a_m7g.png
기아,레이,기본,1인승,라이트,소형,전기,미니벤,5060 ,1980 ,1790 ,0 ,2505 ,0 ,4 ,27350000 ,https://www.kia.com/content/dam/kwp/kr/ko/vehicles/represent/krtm208/ray-ev_tmjv1vp3f_a_m7g.png
기아,레이,기본,1인승,에어,소형,전기,미니벤,5060 ,1980 ,1790 ,0 ,2505 ,0 ,4 ,27800000 ,https://www.kia.com/content/dam/kwp/kr/ko/vehicles/represent/krtm208/ray-ev_tmjc5vo3f_o_ud.png
기아,니로,기본,5인승,에어,준중형,전기,SUV,4420 ,1825 ,1570 ,0 ,1665 ,0 ,6 ,48500000 ,https://www.kia.com/content/dam/kwp/kr/ko/configurator/niro-ev/trim/exterior/earth/m4b/m4b_01.png
기아,니로,기본,5인승,어스,준중형,전기,SUV,4420 ,1825 ,1570 ,0 ,1665 ,0 ,6 ,51200000 ,https://www.kia.com/content/dam/kwp/kr/ko/configurator/niro-ev/trim/exterior/earth/cge/cge_01.png
기아,EV3,Standard,5인승,에어,소형,전기,SUV,4300 ,1850 ,1560 ,0 ,1740 ,0 ,6 ,42080000 ,https://www.kia.com/content/dam/kwp/kr/ko/configurator/ev3/trim/exterior/air/std/isg/isg_01.png
기아,EV3,LongRange,5인승,에어,소형,전기,SUV,4300 ,1850 ,1560 ,0 ,1770 ,0 ,6 ,46500000 ,https://www.kia.com/content/dam/kwp/kr/ko/configurator/ev3/trim/exterior/air/std/abp/abp_01.png
기아,EV3,Standard,5인승,어스,소형,전기,SUV,4300 ,1850 ,1560 ,0 ,1740 ,0 ,6 ,46240000 ,https://www.kia.com/content/dam/kwp/kr/ko/configurator/ev3/trim/exterior/air/std/swp/swp_01.png
기아,EV3,LongRange,5인승,어스,소형,전기,SUV,4300 ,1850 ,1560 ,0 ,1770 ,0 ,6 ,50660000 ,https://www.kia.com/content/dam/kwp/kr/ko/configurator/ev3/trim/exterior/air/std/ebd/ebd_01.png
기아,EV3,Standard,5인승,GT-line,소형,전기,SUV,4300 ,1850 ,1560 ,0 ,1770 ,0 ,6 ,47140000 ,https://www.kia.com/content/dam/kwp/kr/ko/configurator/ev3/trim/exterior/air/std/ebb/ebb_01.png
기아,EV3,StandardLongRange,5인승,GT-line,소형,전기,SUV,4300 ,1850 ,1560 ,0 ,1740 ,0 ,6 ,51560000 ,https://www.kia.com/content/dam/kwp/kr/ko/configurator/ev3/trim/exterior/air/std/ag3/ag3_01.png
기아,EV4,Standard,5인승,에어,중형,전기,SUV,4700 ,1880 ,1600 ,0 ,1800 ,0 ,6 ,42570000 ,https://www.kia.com/content/dam/kwp/kr/ko/vehicles/represent/krct224/ev4_ctjs4vf31_a_ism.png
기아,EV4,LongRange,5인승,에어,중형,전기,SUV,4700 ,1880 ,1600 ,0 ,1830 ,0 ,6 ,47000000 ,https://www.kia.com/content/dam/kwp/kr/ko/vehicles/represent/krct224/ev4_ctjs4vc31_a_acw.png
기아,EV4,Standard,5인승,어스,중형,전기,SUV,4700 ,1880 ,1600 ,0 ,1800 ,0 ,6 ,47410000 ,https://www.kia.com/content/dam/kwp/kr/ko/vehicles/represent/krct224/ev4_ctjs4vf31_a_ism.png
기아,EV4,LongRange,5인승,어스,중형,전기,SUV,4700 ,1880 ,1600 ,0 ,1830 ,0 ,6 ,51830000 ,https://www.kia.com/content/dam/kwp/kr/ko/vehicles/represent/krct224/ev4_ctjs4vc31_a_acw.png
기아,EV4,Standard,5인승,GT-line,중형,전기,SUV,4700 ,1880 ,1600 ,0 ,1830 ,0 ,5 ,48570000 ,https://www.kia.com/content/dam/kwp/kr/ko/vehicles/represent/krct224/ev4_ctjs4va31_a_ebd.png
기아,EV4,StandardLongRange,5인승,GT-line,중형,전기,SUV,4700 ,1880 ,1600 ,0 ,1830 ,0 ,5 ,52990000 ,https://www.kia.com/content/dam/kwp/kr/ko/vehicles/represent/krct224/ev4_ctjs4va31_a_ebd.png
기아,EV6,Standard,5인승,라이트,중형,전기,SUV,4695 ,1890 ,1550 ,0 ,1890 ,0 ,4.6km/kWh,51500000 ,https://www.kia.com/content/dam/kwp/kr/ko/configurator/ev6/trim/exterior/long/long_light/swp/swp_01.png
기아,EV6,LongRange,5인승,라이트,중형,전기,SUV,4695 ,1890 ,1550 ,0 ,1900 ,0 ,5.1km/kWh,54500000 ,https://www.kia.com/content/dam/kwp/kr/ko/configurator/ev6/trim/exterior/long/long_light/cr5/cr5_01.png
기아,EV6,Standard,5인승,에어,중형,전기,SUV,4695 ,1890 ,1550 ,0 ,1895 ,0 ,4.5km/kWh,55700000 ,https://www.kia.com/content/dam/kwp/kr/ko/configurator/ev6/trim/exterior/long/long_light/klm/klm_01.png
기아,EV6,LongRange,5인승,에어,중형,전기,SUV,4695 ,1890 ,1550 ,0 ,1905 ,0 ,5.0km/kWh,58700000 ,https://www.kia.com/content/dam/kwp/kr/ko/configurator/ev6/trim/exterior/long/long_light/glb/glb_01.png
기아,EV6,Standard,5인승,어스,중형,전기,SUV,4695 ,1890 ,1550 ,0 ,1900 ,0 ,4.4km/kWh,58900000 ,https://www.kia.com/content/dam/kwp/kr/ko/configurator/ev6/trim/exterior/long/long_light/abp/abp_01.png
기아,EV6,LongRange,5인승,어스,중형,전기,SUV,4695 ,1890 ,1550 ,0 ,1910 ,0 ,4.9km/kWh,61900000 ,https://www.kia.com/content/dam/kwp/kr/ko/configurator/ev6/trim/exterior/long/long_light/ism/ism_01.png
기아,EV6,LongRange,5인승,GT-line,중형,전기,SUV,4695 ,1890 ,1550 ,0 ,1925 ,0 ,4.8km/kWh,65800000 ,https://www.kia.com/content/dam/kwp/kr/ko/configurator/ev6/trim/exterior/long/long_light/agt/agt_01.png
기아,EV6,GT,5인승,GT,중형,전기,SUV,4695 ,1890 ,1550 ,0 ,2185 ,0 ,3.9km/kWh,77500000 ,https://www.kia.com/content/dam/kwp/kr/ko/configurator/ev6-gt/trim/exterior/dum/dum_01.png
기아,EV9,Standard,7인승,에어,대형,전기,SUV,5010 ,1980 ,1755 ,0 ,2480 ,0 ,5 ,67450000 ,https://www.kia.com/content/dam/kwp/kr/ko/configurator/ev9/trim/exterior/ev9-air/swp/swp_01.png
기아,EV9,LongRange,7인승,에어,대형,전기,SUV,5010 ,1980 ,1755 ,0 ,2500 ,0 ,5 ,72230000 ,https://www.kia.com/content/dam/kwp/kr/ko/configurator/ev9/trim/exterior/ev9-air/obm/obm_01.png
기아,EV9,Standard,7인승,어스,대형,전기,SUV,5010 ,1980 ,1755 ,0 ,2520 ,0 ,5 ,72580000 ,https://www.kia.com/content/dam/kwp/kr/ko/configurator/ev9/trim/exterior/ev9-air/c7r/c7r_01.png
기아,EV9,LongRange,7인승,어스,대형,전기,SUV,5010 ,1980 ,1755 ,0 ,2540 ,0 ,5 ,77270000 ,https://www.kia.com/content/dam/kwp/kr/ko/configurator/ev9/trim/exterior/ev9-air/p2m/p2m_01.png
기아,EV9,GT,6인승,GT-Line,대형,전기,SUV,5010 ,1980 ,1755 ,0 ,2580 ,0 ,4 ,89850000 ,https://www.kia.com/content/dam/kwp/kr/ko/configurator/ev9-gt/trim/exterior/gt/abp/abp_01.png
기아,BongoⅢEV,1.0가솔린,3인승,스마트셀렉션,소형,전기,트럭,5140 ,1740 ,1995 ,0 ,2000 ,0 ,3 ,43000000 ,https://www.kia.com/content/dam/kwp/kr/ko/vehicles/represent/krb1184/bongo3-ev_b1alkvl3l_a_ud.png
기아,BongoⅢEV,1.0가솔린,3인승,GL,소형,전기,트럭,5140 ,1740 ,1995 ,0 ,2020 ,0 ,3 ,44500000 ,https://www.kia.com/content/dam/kwp/kr/ko/vehicles/represent/krb1184/bongo3-ev_b1alkvl3l_a_ud.png
기아,BongoⅢEV,1.0가솔린,3인승,GLS,소형,전기,트럭,5140 ,1740 ,1995 ,0 ,2040 ,0 ,3 ,46000000 ,https://www.kia.com/content/dam/kwp/kr/ko/vehicles/represent/krb1184/bongo3-ev_b1alkvl3l_a_ud.png
기아,모닝,1.0가솔린,5인승,트렌디,소형,가솔린,해치백,3595 ,1595 ,1485 ,998 ,895 ,94 ,16 ,13250000 ,https://www.car-pro.kr/assets/img/morning/landing-visual-car.png
기아,모닝,1.0가솔린,5인승,프레스티지,소형,가솔린,해치백,3595 ,1595 ,1485 ,998 ,895 ,94 ,16 ,15000000 ,https://blog.kakaocdn.net/dn/J8evD/btso6kN8Luv/L4KTkjE4EKJA3Gzc1ynHHk/img.png
기아,모닝,1.0가솔린,5인승,시그니처,소형,가솔린,해치백,3595 ,1595 ,1485 ,998 ,895 ,94 ,16 ,17250000 ,https://blog.kakaocdn.net/dn/elSnFy/btso0799qQ2/HJbggKIlS5e2JvsJw5M670/img.png
기아,모닝,GT,5인승,GT-line,소형,가솔린,해치백,3595 ,1595 ,1485 ,998 ,910 ,103 ,15 ,18200000 ,https://www.car-pro.kr/assets/img/morning/landing-visual-car.png
기아,모닝,1.0가솔린(밴),2인승,트렌디,소형,가솔린,VAN,3595 ,1595 ,1485 ,998 ,860 ,93 ,17 ,13000000 ,https://blog.kakaocdn.net/dn/J8evD/btso6kN8Luv/L4KTkjE4EKJA3Gzc1ynHHk/img.png
기아,모닝,1.0가솔린(밴),2인승,프레스티지,소형,가솔린,VAN,3595 ,1595 ,1485 ,998 ,860 ,93 ,17 ,13700000 ,https://blog.kakaocdn.net/dn/elSnFy/btso0799qQ2/HJbggKIlS5e2JvsJw5M670/img.png
기아,레이,1.0가솔린,5인승,트렌디,소형,가솔린,VAN,3595 ,1595 ,1710 ,998 ,1000 ,104 ,14 ,13950000 ,https://www.kia.com/content/dam/kwp/kr/ko/vehicles/represent/krtm207/ray_tmjc5ai3f_n_ud.png
기아,레이,1.0가솔린,5인승,프레스티지,소형,가솔린,VAN,3595 ,1595 ,1710 ,998 ,1000 ,104 ,14 ,16750000 ,https://www.kia.com/content/dam/kwp/kr/ko/vehicles/represent/krtm207/ray_tmjv1ay3f_a_m7g.png
기아,레이,1.0가솔린,5인승,시그니처,소형,가솔린,VAN,3595 ,1595 ,1710 ,998 ,1000 ,104 ,14 ,18330000 ,https://www.kia.com/content/dam/kwp/kr/ko/vehicles/represent/krtm207/ray_tmjc5ah3f_n_a2g.png
기아,레이,1.0가솔린,5인승,시그니처그레비티,소형,가솔린,VAN,3595 ,1595 ,1710 ,998 ,1000 ,104 ,14 ,19280000 ,https://www.kia.com/content/dam/kwp/kr/ko/vehicles/represent/krtm207/ray_tmjc5ai3f_n_ud.png
기아,레이,1.0가솔린,2인승,트렌디,소형,가솔린,VAN,3595 ,1595 ,1710 ,998 ,965 ,103 ,15 ,13500000 ,https://www.kia.com/content/dam/kwp/kr/ko/vehicles/represent/krtm207/ray_tmjv1ay3f_a_m7g.png
기아,레이,1.0가솔린,2인승,프레스티지,소형,가솔린,VAN,3595 ,1595 ,1710 ,998 ,965 ,103 ,15 ,14000000 ,https://www.kia.com/content/dam/kwp/kr/ko/vehicles/represent/krtm207/ray_tmjc5ah3f_n_a2g.png
기아,레이,1.0가솔린,2인승,스페셜,소형,가솔린,VAN,3595 ,1595 ,1710 ,998 ,965 ,103 ,15 ,14300000 ,https://www.kia.com/content/dam/kwp/kr/ko/vehicles/represent/krtm207/ray_tmjc5ai3f_n_ud.png
기아,레이,1.0가솔린,1인승,트렌디,소형,가솔린,VAN,3595 ,1595 ,1710 ,998 ,945 ,102 ,15 ,13400000 ,https://www.kia.com/content/dam/kwp/kr/ko/vehicles/represent/krtm207/ray_tmjv1ay3f_a_m7g.png
기아,레이,1.0가솔린,1인승,프레스티지,소형,가솔린,VAN,3595 ,1595 ,1710 ,998 ,945 ,102 ,15 ,13900000 ,https://www.kia.com/content/dam/kwp/kr/ko/vehicles/represent/krtm207/ray_tmjc5ah3f_n_a2g.png
기아,레이,1.0가솔린,1인승,스페셜,소형,가솔린,VAN,3595 ,1595 ,1710 ,998 ,945 ,102 ,15 ,14150000 ,https://www.kia.com/content/dam/kwp/kr/ko/vehicles/represent/krtm207/ray_tmjc5ai3f_n_ud.png
기아,K5,하이브리드,5인승,프레스티지,중형,하이브리드,세단,4905 ,1860 ,1465 ,1598 ,1490 ,76 ,18 ,32930000 ,https://www.kia.com/content/dam/kwp/kr/ko/vehicles/represent/krdl216/k5_dljs49f36_h_swp.png
기아,K5,하이브리드,5인승,노블레스,중형,하이브리드,세단,4905 ,1860 ,1465 ,1598 ,1490 ,76 ,18 ,36300000 ,https://www.kia.com/content/dam/kwp/kr/ko/vehicles/represent/krdl216/k5_dljs4ch36_a_glb.png
기아,K5,하이브리드,5인승,시그니처,중형,하이브리드,세단,4905 ,1860 ,1465 ,1598 ,1490 ,76 ,18 ,39290000 ,https://www.kia.com/content/dam/kwp/kr/ko/vehicles/represent/krdl216/k5_dljs4cd36_a_agt.png
기아,K5,가솔린2.0,5인승,스마트셀렉션,중형,가솔린,세단,4905 ,1860 ,1465 ,1999 ,1380 ,125 ,14 ,27660000 ,https://www.kia.com/content/dam/kwp/kr/ko/vehicles/represent/krdl216/k5_dljs49f36_h_swp.png
기아,K5,가솔린2.0,5인승,프레스티지,중형,가솔린,세단,4905 ,1860 ,1465 ,1999 ,1380 ,125 ,14 ,28150000 ,https://www.kia.com/content/dam/kwp/kr/ko/vehicles/represent/krdl216/k5_dljs4ch36_a_glb.png
기아,K5,가솔린2.0,5인승,노블레스,중형,가솔린,세단,4905 ,1860 ,1465 ,1999 ,1380 ,125 ,14 ,32030000 ,https://www.kia.com/content/dam/kwp/kr/ko/vehicles/represent/krdl216/k5_dljs4cd36_a_agt.png
기아,K5,가솔린2.0,5인승,시그니처,중형,가솔린,세단,4905 ,1860 ,1465 ,1999 ,1380 ,125 ,14 ,35350000 ,https://www.kia.com/content/dam/kwp/kr/ko/vehicles/represent/krdl216/k5_dljs49f36_h_swp.png
기아,K5,가솔린1.6터보,5인승,프레스티지,중형,가솔린,세단,4905 ,1860 ,1465 ,1598 ,1410 ,132 ,13 ,29320000 ,https://www.kia.com/content/dam/kwp/kr/ko/vehicles/represent/krdl216/k5_dljs4ch36_a_glb.png
기아,K5,가솔린1.6터보,5인승,노블레스,중형,가솔린,세단,4905 ,1860 ,1465 ,1598 ,1410 ,132 ,13 ,33270000 ,https://www.kia.com/content/dam/kwp/kr/ko/vehicles/represent/krdl216/k5_dljs4cd36_a_agt.png
기아,K5,가솔린1.6터보,5인승,시그니처,중형,가솔린,세단,4905 ,1860 ,1465 ,1598 ,1410 ,132 ,13 ,36010000 ,https://www.kia.com/content/dam/kwp/kr/ko/vehicles/represent/krdl216/k5_dljs49f36_h_swp.png
기아,K5,LPG2.0,5인승,프레스티지,중형,LPG,세단,4905 ,1860 ,1465 ,1999 ,1450 ,117 ,11 ,29200000 ,https://www.kia.com/content/dam/kwp/kr/ko/vehicles/represent/krdl216/k5_dljs4ch36_a_glb.png
기아,K5,LPG2.0,5인승,노블레스,중형,LPG,세단,4905 ,1860 ,1465 ,1999 ,1450 ,117 ,11 ,32820000 ,https://www.kia.com/content/dam/kwp/kr/ko/vehicles/represent/krdl216/k5_dljs4cd36_a_agt.png
기아,K5,LPG2.0,5인승,시그니처,중형,LPG,세단,4905 ,1860 ,1465 ,1999 ,1450 ,117 ,11 ,35370000 ,https://www.kia.com/content/dam/kwp/kr/ko/vehicles/represent/krdl216/k5_dljs49f36_h_swp.png
기아,K8,하이브리드,5인승,노블레스라이트,대형,하이브리드,세단,5050 ,1880 ,1455 ,1598 ,1635 ,87 ,18 ,43720000 ,https://www.kia.com/content/dam/kwp/kr/ko/configurator/k8/trim/exterior/gsl_2-5/noblesse_light/swp/swp_01.png
기아,K8,하이브리드,5인승,노블레스,대형,하이브리드,세단,5050 ,1880 ,1455 ,1598 ,1655 ,92 ,17 ,47240000 ,https://www.kia.com/content/dam/kwp/kr/ko/configurator/k8/trim/exterior/gsl_2-5/noblesse_light/isg/isg_01.png
기아,K8,하이브리드,5인승,시그니처,대형,하이브리드,세단,5050 ,1880 ,1455 ,1598 ,1695 ,99 ,16 ,51370000 ,https://www.kia.com/content/dam/kwp/kr/ko/configurator/k8/trim/exterior/gsl_2-5/noblesse_light/klm/klm_01.png
기아,K8,하이브리드,5인승,시그니처블랙,대형,하이브리드,세단,5050 ,1880 ,1455 ,1598 ,1695 ,99 ,16 ,51760000 ,https://www.kia.com/content/dam/kwp/kr/ko/configurator/k8/trim/exterior/gsl_2-5/noblesse_light/byg/byg_01.png
기아,K8,2.5가솔린,5인승,노블레스라이트,대형,가솔린,세단,5050 ,1880 ,1455 ,2497 ,1555 ,139 ,12 ,37630000 ,https://www.kia.com/content/dam/kwp/kr/ko/configurator/k8/trim/exterior/gsl_2-5/noblesse_light/agt/agt_01.png
기아,K8,2.5가솔린,5인승,노블레스,대형,가솔린,세단,5050 ,1880 ,1455 ,2497 ,1575 ,144 ,12 ,40880000 ,https://www.kia.com/content/dam/kwp/kr/ko/configurator/k8/trim/exterior/gsl_2-5/noblesse_light/abp/abp_01.png
기아,K8,2.5가솔린,5인승,시그니처,대형,가솔린,세단,5050 ,1880 ,1455 ,2497 ,1615 ,148 ,11 ,45010000 ,https://www.kia.com/content/dam/kwp/kr/ko/configurator/k8/trim/exterior/gsl_2-5/noblesse_light/swp/swp_01.png
기아,K8,2.5가솔린,5인승,시그니처블랙,대형,가솔린,세단,5050 ,1880 ,1455 ,2497 ,1620 ,148 ,11 ,45500000 ,https://www.kia.com/content/dam/kwp/kr/ko/configurator/k8/trim/exterior/gsl_2-5/noblesse_light/isg/isg_01.png
기아,K8,3.5가솔린,5인승,노블레스라이트,대형,가솔린,세단,5050 ,1880 ,1455 ,3470 ,1645 ,167 ,10 ,40480000 ,https://www.kia.com/content/dam/kwp/kr/ko/configurator/k8/trim/exterior/gsl_2-5/noblesse_light/klm/klm_01.png
기아,K8,3.5가솔린,5인승,노블레스,대형,가솔린,세단,5050 ,1880 ,1455 ,3470 ,1690 ,171 ,10 ,43750000 ,https://www.kia.com/content/dam/kwp/kr/ko/configurator/k8/trim/exterior/gsl_2-5/noblesse_light/byg/byg_01.png
기아,K8,3.5가솔린,5인승,시그니처,대형,가솔린,세단,5050 ,1880 ,1455 ,3470 ,1695 ,171 ,10 ,47880000 ,https://www.kia.com/content/dam/kwp/kr/ko/configurator/k8/trim/exterior/gsl_2-5/noblesse_light/agt/agt_01.png
기아,K8,3.5가솔린,5인승,시그니처블랙,대형,가솔린,세단,5050 ,1880 ,1455 ,3470 ,1695 ,171 ,10 ,48370000 ,https://www.kia.com/content/dam/kwp/kr/ko/configurator/k8/trim/exterior/gsl_2-5/noblesse_light/abp/abp_01.png
기아,K8,3.5LPG,5인승,프레스티지,대형,LPG,세단,5050 ,1880 ,1455 ,3470 ,1660 ,165 ,8 ,37280000 ,https://www.kia.com/content/dam/kwp/kr/ko/configurator/k8/trim/exterior/gsl_2-5/noblesse_light/isg/isg_01.png
기아,K8,3.5LPG,5인승,노블레스,대형,LPG,세단,5050 ,1880 ,1455 ,3470 ,1675 ,170 ,8 ,41660000 ,https://www.kia.com/content/dam/kwp/kr/ko/configurator/k8/trim/exterior/gsl_2-5/noblesse_light/klm/klm_01.png
기아,K9,3.8가솔린,5인승,플래티넘,대형,가솔린,세단,5140 ,1915 ,1490 ,3778 ,1930 ,192 ,9 ,59330000 ,https://www.kia.com/content/dam/kwp/kr/ko/configurator/k9/trim/exterior/gdi/platinum/swp/swp_01.png
기아,K9,3.8가솔린,5인승,베스트셀렉션I,대형,가솔린,세단,5140 ,1915 ,1490 ,3778 ,1930 ,194 ,9 ,66650000 ,https://www.kia.com/content/dam/kwp/kr/ko/configurator/k9/trim/exterior/gdi/platinum/p2m/p2m_01.png
기아,K9,3.8가솔린,5인승,마스터즈,대형,가솔린,세단,5140 ,1915 ,1490 ,3778 ,1940 ,198 ,8 ,73950000 ,https://www.kia.com/content/dam/kwp/kr/ko/configurator/k9/trim/exterior/gdi/platinum/dfg/dfg_01.png
기아,K9,3.8가솔린,5인승,베스트셀렉션II,대형,가솔린,세단,5140 ,1915 ,1490 ,3778 ,2000 ,210 ,8 ,82100000 ,https://www.kia.com/content/dam/kwp/kr/ko/configurator/k9/trim/exterior/gdi/platinum/d9b/d9b_01.png
기아,K9,3.3가솔린터보,5인승,플래티넘,대형,가솔린,세단,5140 ,1915 ,1490 ,3342 ,1940 ,200 ,8 ,65880000 ,https://www.kia.com/content/dam/kwp/kr/ko/configurator/k9/trim/exterior/gdi/platinum/abp/abp_01.png
기아,K9,3.3가솔린터보,5인승,베스트셀렉션I,대형,가솔린,세단,5140 ,1915 ,1490 ,3342 ,2000 ,209 ,8 ,72410000 ,https://www.kia.com/content/dam/kwp/kr/ko/configurator/k9/trim/exterior/gdi/platinum/swp/swp_01.png
기아,K9,3.3가솔린터보,5인승,마스터즈,대형,가솔린,세단,5140 ,1915 ,1490 ,3342 ,2000 ,216 ,7 ,78700000 ,https://www.kia.com/content/dam/kwp/kr/ko/configurator/k9/trim/exterior/gdi/platinum/p2m/p2m_01.png
기아,K9,3.3가솔린터보,5인승,베스트셀렉션II,대형,가솔린,세단,5140 ,1915 ,1490 ,3342 ,2010 ,226 ,7 ,86850000 ,https://www.kia.com/content/dam/kwp/kr/ko/configurator/k9/trim/exterior/gdi/platinum/dfg/dfg_01.png
기아,셀토스,1.6가솔린터보,5인승,트렌디,소형,가솔린,SUV,4390 ,1800 ,1600 ,1598 ,1360 ,130 ,13 ,22460000 ,https://www.kia.com/content/dam/kwp/kr/ko/configurator/seltos/trim/exterior/trendy/swp/swp_01.png
기아,셀토스,1.6가솔린터보,5인승,프레스티지,소형,가솔린,SUV,4390 ,1800 ,1600 ,1598 ,1405 ,142 ,13 ,25620000 ,https://www.kia.com/content/dam/kwp/kr/ko/configurator/seltos/trim/exterior/trendy/plu/plu_01.png
기아,셀토스,1.6가솔린터보,5인승,시그니처,소형,가솔린,SUV,4390 ,1800 ,1605 ,1598 ,1445 ,142 ,12 ,27500000 ,https://www.kia.com/content/dam/kwp/kr/ko/configurator/seltos/trim/exterior/trendy/bu3/bu3_01.png
기아,셀토스,1.6가솔린터보,5인승,그래비티,소형,가솔린,SUV,4390 ,1800 ,1605 ,1598 ,1490 ,156 ,11 ,27900000 ,https://www.kia.com/content/dam/kwp/kr/ko/configurator/seltos/trim/exterior/trendy/kdg/kdg_01.png
기아,셀토스,2.0가솔린,5인승,트렌디,소형,가솔린,SUV,4390 ,1800 ,1600 ,1999 ,1325 ,128 ,13 ,21470000 ,https://www.kia.com/content/dam/kwp/kr/ko/configurator/seltos/trim/exterior/trendy/fsb/fsb_01.png
기아,셀토스,2.0가솔린,5인승,프레스티지,소형,가솔린,SUV,4390 ,1800 ,1600 ,1999 ,1400 ,133 ,13 ,24630000 ,https://www.kia.com/content/dam/kwp/kr/ko/configurator/seltos/trim/exterior/trendy/swp/swp_01.png
기아,셀토스,2.0가솔린,5인승,시그니처,소형,가솔린,SUV,4390 ,1800 ,1605 ,1999 ,1440 ,137 ,12 ,26510000 ,https://www.kia.com/content/dam/kwp/kr/ko/configurator/seltos/trim/exterior/trendy/plu/plu_01.png
기아,셀토스,2.0가솔린,5인승,그래비티,소형,가솔린,SUV,4390 ,1800 ,1620 ,1999 ,1450 ,148 ,11 ,26910000 ,https://www.kia.com/content/dam/kwp/kr/ko/configurator/seltos/trim/exterior/trendy/bu3/bu3_01.png
기아,니로,1.6하이브리드,5인승,트렌디,준중형,하이브리드,SUV,4420 ,1825 ,1545 ,1580 ,1405 ,75 ,21 ,29000000 ,https://www.kia.com/content/dam/kwp/kr/ko/configurator/niro-hev/trim/exterior/trendy/swp/swp_01.png
기아,니로,1.6하이브리드,5인승,프레스티지,준중형,하이브리드,SUV,4420 ,1825 ,1545 ,1580 ,1405 ,76 ,21 ,32150000 ,https://www.kia.com/content/dam/kwp/kr/ko/configurator/niro-hev/trim/exterior/trendy/m4b/m4b_01.png
기아,니로,1.6하이브리드,5인승,시그니처,준중형,하이브리드,SUV,4420 ,1825 ,1545 ,1580 ,1445 ,82 ,19 ,36110000 ,https://www.kia.com/content/dam/kwp/kr/ko/configurator/niro-hev/trim/exterior/trendy/abp/abp_01.png
기아,스포티지,1.6가솔린터보,5인승,프레스티지,중형,가솔린,SUV,4685 ,1865 ,1660 ,1598 ,1575 ,134 ,12 ,28390000 ,https://www.kia.com/content/dam/kwp/kr/ko/configurator/sportage/trim/exterior/1-6_ice/prestige/swp/swp_01.png
기아,스포티지,1.6가솔린터보,5인승,노블레스,중형,가솔린,SUV,4685 ,1865 ,1660 ,1598 ,1585 ,138 ,12 ,31950000 ,https://www.kia.com/content/dam/kwp/kr/ko/configurator/sportage/trim/exterior/1-6_ice/prestige/hrb/hrb_01.png
기아,스포티지,1.6가솔린터보,5인승,시그니처,중형,가솔린,SUV,4685 ,1865 ,1660 ,1598 ,1585 ,140 ,12 ,34600000 ,https://www.kia.com/content/dam/kwp/kr/ko/configurator/sportage/trim/exterior/1-6_ice/prestige/c7a/c7a_01.png
기아,스포티지,1.6가솔린터보,5인승,X-Line,중형,가솔린,SUV,4685 ,1865 ,1660 ,1598 ,1585 ,144 ,12 ,35250000 ,https://www.kia.com/content/dam/kwp/kr/ko/configurator/sportage/trim/exterior/1-6_ice/prestige/kdg/kdg_01.png
기아,스포티지,2.0LPG,5인승,프레스티지,중형,LPG,SUV,4685 ,1865 ,1660 ,1999 ,1565 ,149 ,9 ,29100000 ,https://www.kia.com/content/dam/kwp/kr/ko/configurator/sportage/trim/exterior/1-6_ice/prestige/bb2/bb2_01.png
기아,스포티지,2.0LPG,5인승,노블레스,중형,LPG,SUV,4685 ,1865 ,1660 ,1999 ,1575 ,151 ,9 ,32600000 ,https://www.kia.com/content/dam/kwp/kr/ko/configurator/sportage/trim/exterior/1-6_ice/prestige/fsb/fsb_01.png
기아,스포티지,2.0LPG,5인승,시그니처,중형,LPG,SUV,4685 ,1865 ,1660 ,1999 ,1585 ,153 ,9 ,35250000 ,https://www.kia.com/content/dam/kwp/kr/ko/configurator/sportage/trim/exterior/1-6_ice/prestige/swp/swp_01.png
기아,스포티지,2.0LPG,5인승,X-Line,중형,LPG,SUV,4685 ,1865 ,1660 ,1999 ,1595 ,155 ,9 ,35900000 ,https://www.kia.com/content/dam/kwp/kr/ko/configurator/sportage/trim/exterior/1-6_ice/prestige/hrb/hrb_01.png
기아,스포티지,1.6터보하이브리드,5인승,프레스티지,중형,하이브리드,SUV,4685 ,1865 ,1660 ,1598 ,1645 ,92 ,19 ,34580000 ,https://www.kia.com/content/dam/kwp/kr/ko/configurator/sportage/trim/exterior/1-6_ice/prestige/c7a/c7a_01.png
기아,스포티지,1.6터보하이브리드,5인승,노블레스,중형,하이브리드,SUV,4685 ,1865 ,1660 ,1598 ,1660 ,96 ,19 ,37770000 ,https://www.kia.com/content/dam/kwp/kr/ko/configurator/sportage/trim/exterior/1-6_ice/prestige/kdg/kdg_01.png
기아,스포티지,1.6터보하이브리드,5인승,시그니처,중형,하이브리드,SUV,4685 ,1865 ,1660 ,1598 ,1685 ,100 ,18 ,40420000 ,https://www.kia.com/content/dam/kwp/kr/ko/configurator/sportage/trim/exterior/1-6_ice/prestige/bb2/bb2_01.png
기아,스포티지,1.6터보하이브리드,5인승,X-Line,중형,하이브리드,SUV,4685 ,1865 ,1660 ,1598 ,1700 ,102 ,18 ,41070000 ,https://www.kia.com/content/dam/kwp/kr/ko/configurator/sportage/trim/exterior/1-6_ice/prestige/fsb/fsb_01.png
기아,쏘렌토,2.2디젤,5인승,프레스티지,중형,디젤,SUV,4815 ,1900 ,1695 ,2151 ,1815 ,132 ,14 ,36050000 ,https://www.kia.com/content/dam/kwp/kr/ko/configurator/sorento/trim/exterior/ice/prestige/swp/swp_01.png
기아,쏘렌토,2.2디젤,5인승,노블레스,중형,디젤,SUV,4815 ,1900 ,1695 ,2151 ,1845 ,137 ,14 ,38910000 ,https://www.kia.com/content/dam/kwp/kr/ko/configurator/sorento/trim/exterior/ice/prestige/bn4/bn4_01.png
기아,쏘렌토,2.2디젤,5인승,시그니처,중형,디젤,SUV,4815 ,1900 ,1695 ,2151 ,1875 ,143 ,14 ,42020000 ,https://www.kia.com/content/dam/kwp/kr/ko/configurator/sorento/trim/exterior/ice/prestige/cge/cge_01.png
기아,쏘렌토,2.2디젤,5인승,그래비티,중형,디젤,SUV,4815 ,1900 ,1695 ,2151 ,1895 ,144 ,13 ,42910000 ,https://www.kia.com/content/dam/kwp/kr/ko/configurator/sorento/trim/exterior/ice/prestige/agt/agt_01.png
기아,쏘렌토,2.5가솔린터보,5인승,프레스티지,중형,가솔린,SUV,4815 ,1900 ,1695 ,2497 ,1815 ,156 ,11 ,36050000 ,https://www.kia.com/content/dam/kwp/kr/ko/configurator/sorento/trim/exterior/ice/prestige/abp/abp_01.png
기아,쏘렌토,2.5가솔린터보,5인승,노블레스,중형,가솔린,SUV,4815 ,1900 ,1695 ,2497 ,1845 ,162 ,11 ,38910000 ,https://www.kia.com/content/dam/kwp/kr/ko/configurator/sorento/trim/exterior/ice/prestige/swp/swp_01.png
기아,쏘렌토,2.5가솔린터보,5인승,시그니처,중형,가솔린,SUV,4815 ,1900 ,1695 ,2497 ,1875 ,170 ,10 ,42020000 ,https://www.kia.com/content/dam/kwp/kr/ko/configurator/sorento/trim/exterior/ice/prestige/bn4/bn4_01.png
기아,쏘렌토,2.5가솔린터보,5인승,그래비티,중형,가솔린,SUV,4815 ,1900 ,1695 ,2497 ,1895 ,172 ,10 ,42910000 ,https://www.kia.com/content/dam/kwp/kr/ko/configurator/sorento/trim/exterior/ice/prestige/cge/cge_01.png
기아,쏘렌토,1.6터보하이브리드,5인승,프레스티지,중형,하이브리드,SUV,4815 ,1900 ,1695 ,1598 ,1820 ,109 ,16 ,40280000 ,https://www.kia.com/content/dam/kwp/kr/ko/configurator/sorento/trim/exterior/ice/prestige/agt/agt_01.png
기아,쏘렌토,1.6터보하이브리드,5인승,노블레스,중형,하이브리드,SUV,4815 ,1900 ,1695 ,1598 ,1850 ,112 ,15 ,43240000 ,https://www.kia.com/content/dam/kwp/kr/ko/configurator/sorento/trim/exterior/ice/prestige/abp/abp_01.png
기아,쏘렌토,1.6터보하이브리드,5인승,시그니처,중형,하이브리드,SUV,4815 ,1900 ,1695 ,1598 ,1880 ,116 ,15 ,46070000 ,https://www.kia.com/content/dam/kwp/kr/ko/configurator/sorento/trim/exterior/ice/prestige/swp/swp_01.png
기아,쏘렌토,1.6터보하이브리드,5인승,그래비티,중형,하이브리드,SUV,4815 ,1900 ,1695 ,1598 ,1900 ,118 ,15 ,46960000 ,https://www.kia.com/content/dam/kwp/kr/ko/configurator/sorento/trim/exterior/ice/prestige/bn4/bn4_01.png
기아,쏘렌토,1.6터보하이브리드4WD,5인승,프레스티지,중형,하이브리드,SUV,4815 ,1900 ,1695 ,1598 ,1860 ,109 ,15 ,42600000 ,https://www.kia.com/content/dam/kwp/kr/ko/configurator/sorento/trim/exterior/ice/prestige/cge/cge_01.png
기아,쏘렌토,1.6터보하이브리드4WD,5인승,노블레스,중형,하이브리드,SUV,4815 ,1900 ,1695 ,1598 ,1890 ,112 ,15 ,45570000 ,https://www.kia.com/content/dam/kwp/kr/ko/configurator/sorento/trim/exterior/ice/prestige/agt/agt_01.png
기아,쏘렌토,1.6터보하이브리드4WD,5인승,시그니처,중형,하이브리드,SUV,4815 ,1900 ,1695 ,1598 ,1920 ,115 ,14 ,48400000 ,https://www.kia.com/content/dam/kwp/kr/ko/configurator/sorento/trim/exterior/ice/prestige/abp/abp_01.png
기아,쏘렌토,1.6터보하이브리드4WD,5인승,그래비티,중형,하이브리드,SUV,4815 ,1900 ,1695 ,1598 ,1935 ,118 ,14 ,49290000 ,https://www.kia.com/content/dam/kwp/kr/ko/configurator/sorento/trim/exterior/ice/prestige/swp/swp_01.png
기아,타스만,2.5가솔린터보,5인승,다이내믹,대형,가솔린,트럭,5410 ,1930 ,1870 ,2497 ,2060 ,197 ,9 ,37500000 ,https://www.kia.com/content/dam/kwp/kr/ko/vehicles/represent/krpk222/tasman_pkkd5ada1_a_swp.png
기아,타스만,2.5가솔린터보,5인승,어드벤처,대형,가솔린,트럭,5410 ,1930 ,1870 ,2497 ,2070 ,197 ,9 ,41100000 ,https://www.kia.com/content/dam/kwp/kr/ko/vehicles/represent/krpk222/tasman_pkkd5aca1_a_agt.png
기아,타스만,2.5가솔린터보,5인승,익스트림,대형,가솔린,트럭,5410 ,1930 ,1870 ,2497 ,2070 ,197 ,9 ,44900000 ,https://www.kia.com/content/dam/kwp/kr/ko/vehicles/represent/krpk222/tasman_pkkd5aa31_a_abp.png
기아,타스만,2.5가솔린터보,5인승,X-Pro,대형,가솔린,트럭,5410 ,1930 ,1920 ,2497 ,2415 ,222 ,8 ,52400000 ,https://www.kia.com/content/dam/kwp/kr/ko/vehicles/represent/krpk222/tasman_pkkd5ada1_a_swp.png
기아,카니발,3.5가솔린,7인승,노블레스,대형,가솔린,SUV,5155 ,1995 ,1775 ,3470 ,2150 ,148 ,13 ,42500000 ,https://www.kia.com/content/dam/kwp/kr/ko/configurator/carnival/trim/exteroir/gdi_7/outdoor/isg/isg_01.png
기아,카니발,3.5가솔린,7인승,아웃도어,대형,가솔린,SUV,5155 ,1995 ,1775 ,3470 ,2165 ,121 ,14 ,41510000 ,https://www.kia.com/content/dam/kwp/kr/ko/configurator/carnival/trim/exteroir/gdi_7/outdoor/p2m/p2m_01.png
기아,카니발,3.5가솔린,7인승,시그니처,대형,가솔린,SUV,5155 ,1995 ,1775 ,3470 ,2165 ,116 ,13 ,46360000 ,https://www.kia.com/content/dam/kwp/kr/ko/configurator/carnival/trim/exteroir/gdi_7/outdoor/swp/swp_01.png
기아,카니발,3.5가솔린,7인승,그래비티,대형,가솔린,SUV,5155 ,1995 ,1775 ,3470 ,2155 ,118 ,14 ,47180000 ,https://www.kia.com/content/dam/kwp/kr/ko/configurator/carnival/trim/exteroir/gdi_7/outdoor/abp/abp_01.png
기아,카니발,3.5가솔린,9인승,프레스티지,대형,가솔린,SUV,5155 ,1995 ,1775 ,3470 ,2115 ,189 ,9 ,35510000 ,https://www.kia.com/content/dam/kwp/kr/ko/configurator/carnival/trim/exteroir/gdi_7/outdoor/isg/isg_01.png
기아,카니발,3.5가솔린,9인승,노블레스,대형,가솔린,SUV,5155 ,1995 ,1775 ,3470 ,2090 ,192 ,9 ,39910000 ,https://www.kia.com/content/dam/kwp/kr/ko/configurator/carnival/trim/exteroir/gdi_7/outdoor/p2m/p2m_01.png
기아,카니발,3.5가솔린,9인승,시그니처,대형,가솔린,SUV,5155 ,1995 ,1775 ,3470 ,2090 ,192 ,9 ,43560000 ,https://www.kia.com/content/dam/kwp/kr/ko/configurator/carnival/trim/exteroir/gdi_7/outdoor/swp/swp_01.png
기아,카니발,3.5가솔린,9인승,그래비티,대형,가솔린,SUV,5155 ,1995 ,1775 ,3470 ,2090 ,192 ,9 ,44590000 ,https://www.kia.com/content/dam/kwp/kr/ko/configurator/carnival/trim/exteroir/gdi_7/outdoor/abp/abp_01.png
기아,K-하이리무진,3.5가솔린,9인승,시그니처,대형,가솔린,미니밴,5155 ,1995 ,2055 ,3470 ,2175 ,201 ,9 ,66090000 ,https://www.kia.com/content/dam/kwp/kr/ko/vehicles/represent/krkp215/carnival-hi-limousine_kphg49d37_a_swp.png
기아,K-하이리무진,3.5가솔린,7인승,시그니처,대형,가솔린,미니밴,5155 ,1995 ,2055 ,3470 ,2200 ,196 ,9 ,69390000 ,https://www.kia.com/content/dam/kwp/kr/ko/vehicles/represent/krkp215/carnival-hi-limousine_kphg79d37_a_abp.png
기아,K-하이리무진,3.5가솔린,4인승,시그니처,대형,가솔린,미니밴,5155 ,1995 ,2055 ,3470 ,2310 ,201 ,9 ,93810000 ,https://www.kia.com/content/dam/kwp/kr/ko/vehicles/represent/krkp215/carnival-hi-limousine_kphg49d37_a_swp.png
기아,K-하이리무진,터보하이브리드,9인승,노블레스,대형,하이브리드,미니밴,5155 ,1995 ,2055 ,1598 ,2240 ,125 ,14 ,66990000 ,https://www.kia.com/content/dam/kwp/kr/ko/vehicles/represent/krkp215/carnival-hi-limousine_kphg79d37_a_abp.png
현대,포터,초장축일반캡,3인승,Style,소형,가스,LPG트럭,5175 ,1740 ,2100 ,2469 ,1660 ,188 ,7 ,20390000 ,https://www.hyundai.com/contents/vr360/M575/exterior/YAW/001.png
현대,포터,초장축일반캡,3인승,Smart,소형,가스,LPG트럭,5175 ,1740 ,2100 ,2469 ,1690 ,205 ,7 ,21070000 ,https://www.hyundai.com/contents/vr360/M575/exterior/ZV/001.png
현대,포터,초장축슈퍼캡,3인승,Style,소형,가스,LPG트럭,5100 ,1740 ,2100 ,2469 ,1675 ,188 ,7 ,20280000 ,https://www.hyundai.com/contents/vr360/M575/exterior/RVB/001.png
현대,포터,초장축슈퍼캡,3인승,Smart,소형,가스,LPG트럭,5100 ,1740 ,2100 ,2469 ,1705 ,205 ,7 ,21070000 ,https://www.hyundai.com/contents/vr360/M575/exterior/YAW/001.png
현대,포터,초장축더블캡,3인승,Style,소형,가스,LPG트럭,5135 ,1740 ,2100 ,2469 ,1775 ,195 ,7 ,21660000 ,https://www.hyundai.com/contents/vr360/M575/exterior/ZV/001.png
현대,포터,초장축더블캡,3인승,Smart,소형,가스,LPG트럭,5135 ,1740 ,2100 ,2469 ,1805 ,208 ,6 ,22500000 ,https://www.hyundai.com/contents/vr360/M575/exterior/RVB/001.png
현대,포터,장축일반캡4WD,3인승,Style,소형,가스,LPG트럭,4850 ,1740 ,2100 ,2469 ,1815 ,211 ,6 ,22280000 ,https://www.hyundai.com/contents/vr360/M575/exterior/YAW/001.png
현대,포터,장축슈퍼캡4WD,3인승,Style,소형,가스,LPG트럭,4775 ,1740 ,2100 ,2469 ,1830 ,211 ,6 ,23650000 ,https://www.hyundai.com/contents/vr360/M575/exterior/ZV/001.png
현대,포터,장축더블캡4WD,3인승,Style,소형,가스,LPG트럭,4810 ,1740 ,2100 ,2469 ,1930 ,211 ,6 ,24090000 ,https://www.hyundai.com/contents/vr360/M575/exterior/RVB/001.png