브랜드,모델명,모델 구분,트림명,차량구분,연료구분,차량형태,전장,전폭,전고,배기량,공차중량,CO2배출량,연비,기본가격,공장명,부품명,재고량
현대,아이오닉6,Standard,E-Lite,중형,전기,세단,4855,1880,1495,0,1800,0,6,23600000,인도공장,ABS 모듈,236
현대,아이오닉6,Standard,E-Lite,중형,전기,세단,4855,1880,1495,0,1800,0,6,23600000,인도공장,모터,292
현대,아이오닉6,Standard,E-Lite,중형,전기,세단,4855,1880,1495,0,1800,0,6,23600000,인도공장,타이어,135
현대,아이오닉6,Standard,E-Lite,중형,전기,세단,4855,1880,1495,0,1800,0,6,23600000,인도공장,배터리,333
현대,아이오닉6,Standard,E-Lite,중형,전기,세단,4855,1880,1495,0,1800,0,6,23600000,인도공장,브레이크 시스템,115
현대,아이오닉6,Standard,Exclusive,중형,전기,세단,4855,1880,1495,0,1800,0,6,68900000,싱가포르공장,배터리,177
현대,아이오닉6,Standard,Exclusive,중형,전기,세단,4855,1880,1495,0,1800,0,6,68900000,싱가포르공장,브레이크 시스템,397
현대,아이오닉6,Standard,Exclusive,중형,전기,세단,4855,1880,1495,0,1800,0,6,68900000,싱가포르공장,모터,280
현대,아이오닉6,Standard,Exclusive,중형,전기,세단,4855,1880,1495,0,1800,0,6,68900000,싱가포르공장,인포테인먼트,239
현대,아이오닉6,Standard,Exclusive,중형,전기,세단,4855,1880,1495,0,1800,0,6,68900000,싱가포르공장,서스펜션,274
현대,아이오닉6,Standard,Exclusive+,중형,전기,세단,4855,1880,1495,0,1800,0,6,67260000,인도공장,모터,247
현대,아이오닉6,Standard,Exclusive+,중형,전기,세단,4855,1880,1495,0,1800,0,6,67260000,인도공장,인포테인먼트,460
현대,아이오닉6,Standard,Exclusive+,중형,전기,세단,4855,1880,1495,0,1800,0,6,67260000,인도공장,변속기,186
현대,아이오닉6,Standard,Exclusive+,중형,전기,세단,4855,1880,1495,0,1800,0,6,67260000,인도공장,서스펜션,367
현대,아이오닉6,Standard,Exclusive+,중형,전기,세단,4855,1880,1495,0,1800,0,6,67260000,인도공장,에어컨 컴프레서,214
현대,아이오닉6,LongRange,E-Lite,중형,전기,세단,4855,1880,1495,0,1930,0,6,66910000,울산공장,ABS 모듈,491
현대,아이오닉6,LongRange,E-Lite,중형,전기,세단,4855,1880,1495,0,1930,0,6,66910000,울산공장,인포테인먼트,101
현대,아이오닉6,LongRange,E-Lite,중형,전기,세단,4855,1880,1495,0,1930,0,6,66910000,울산공장,변속기,317
현대,아이오닉6,LongRange,E-Lite,중형,전기,세단,4855,1880,1495,0,1930,0,6,66910000,울산공장,서스펜션,344
현대,아이오닉6,LongRange,E-Lite,중형,전기,세단,4855,1880,1495,0,1930,0,6,66910000,울산공장,타이어,435
현대,아이오닉6,LongRange,Exclusive,중형,전기,세단,4855,1880,1495,0,1950,0,5,52720000,인도네시아공장,에어컨 컴프레서,103
현대,아이오닉6,LongRange,Exclusive,중형,전기,세단,4855,1880,1495,0,1950,0,5,52720000,인도네시아공장,인포테인먼트,392
현대,아이오닉6,LongRange,Exclusive,중형,전기,세단,4855,1880,1495,0,1950,0,5,52720000,인도네시아공장,모터,273
현대,아이오닉6,LongRange,Exclusive,중형,전기,세단,4855,1880,1495,0,1950,0,5,52720000,인도네시아공장,ABS 모듈,274
현대,아이오닉6,LongRange,Exclusive,중형,전기,세단,4855,1880,1495,0,1950,0,5,52720000,인도네시아공장,타이어,434
현대,아이오닉6,LongRange,Exclusive+,중형,전기,세단,4855,1880,1495,0,2035,0,6,45920000,싱가포르공장,배터리,450
현대,아이오닉6,LongRange,Exclusive+,중형,전기,세단,4855,1880,1495,0,2035,0,6,45920000,싱가포르공장,ABS 모듈,304
현대,아이오닉6,LongRange,Exclusive+,중형,전기,세단,4855,1880,1495,0,2035,0,6,45920000,싱가포르공장,인포테인먼트,343
현대,아이오닉6,LongRange,Exclusive+,중형,전기,세단,4855,1880,1495,0,2035,0,6,45920000,싱가포르공장,타이어,329
현대,아이오닉6,LongRange,Exclusive+,중형,전기,세단,4855,1880,1495,0,2035,0,6,45920000,싱가포르공장,서스펜션,374
현대,아이오닉6,LongRange,Prestige,중형,전기,세단,4855,1880,1495,0,2055,0,5,19660000,아산공장,타이어,197
현대,아이오닉6,LongRange,Prestige,중형,전기,세단,4855,1880,1495,0,2055,0,5,19660000,아산공장,헤드램프,301
현대,아이오닉6,LongRange,Prestige,중형,전기,세단,4855,1880,1495,0,2055,0,5,19660000,아산공장,서스펜션,492
현대,아이오닉6,LongRange,Prestige,중형,전기,세단,4855,1880,1495,0,2055,0,5,19660000,아산공장,변속기,469
현대,아이오닉6,LongRange,Prestige,중형,전기,세단,4855,1880,1495,0,2055,0,5,19660000,아산공장,배터리,452
현대,아이오닉9,기본,익스클루시브,중형,전기,SUV,5060,1980,1790,0,2505,0,0,68340000,인도공장,인포테인먼트,387
현대,아이오닉9,기본,익스클루시브,중형,전기,SUV,5060,1980,1790,0,2505,0,0,68340000,인도공장,모터,409
현대,아이오닉9,기본,익스클루시브,중형,전기,SUV,5060,1980,1790,0,2505,0,0,68340000,인도공장,변속기,178
현대,아이오닉9,기본,익스클루시브,중형,전기,SUV,5060,1980,1790,0,2505,0,0,68340000,인도공장,배터리,316
현대,아이오닉9,기본,익스클루시브,중형,전기,SUV,5060,1980,1790,0,2505,0,0,68340000,인도공장,ABS 모듈,490
현대,아이오닉9,기본,프레스티지,중형,전기,SUV,5060,1980,1790,0,2605,0,0,59260000,브라질공장,배터리,161
현대,아이오닉9,기본,프레스티지,중형,전기,SUV,5060,1980,1790,0,2605,0,0,59260000,브라질공장,변속기,109
현대,아이오닉9,기본,프레스티지,중형,전기,SUV,5060,1980,1790,0,2605,0,0,59260000,브라질공장,에어컨 컴프레서,418
현대,아이오닉9,기본,프레스티지,중형,전기,SUV,5060,1980,1790,0,2605,0,0,59260000,브라질공장,브레이크 시스템,51
현대,아이오닉9,기본,프레스티지,중형,전기,SUV,5060,1980,1790,0,2605,0,0,59260000,브라질공장,타이어,434
현대,아이오닉9,기본,캘리그래피,중형,전기,SUV,5060,1980,1790,0,2625,0,0,49440000,아산공장,헤드램프,453
현대,아이오닉9,기본,캘리그래피,중형,전기,SUV,5060,1980,1790,0,2625,0,0,49440000,아산공장,모터,201
현대,아이오닉9,기본,캘리그래피,중형,전기,SUV,5060,1980,1790,0,2625,0,0,49440000,아산공장,에어컨 컴프레서,103
현대,아이오닉9,기본,캘리그래피,중형,전기,SUV,5060,1980,1790,0,2625,0,0,49440000,아산공장,서스펜션,169
현대,아이오닉9,기본,캘리그래피,중형,전기,SUV,5060,1980,1790,0,2625,0,0,49440000,아산공장,ABS 모듈,210
현대,아이오닉9,기본,익스클루시브,중형,전기,SUV,5060,1980,1790,0,2510,0,0,46710000,튀르키예공장,서스펜션,148
현대,아이오닉9,기본,익스클루시브,중형,전기,SUV,5060,1980,1790,0,2510,0,0,46710000,튀르키예공장,변속기,202
현대,아이오닉9,기본,익스클루시브,중형,전기,SUV,5060,1980,1790,0,2510,0,0,46710000,튀르키예공장,타이어,398
현대,아이오닉9,기본,익스클루시브,중형,전기,SUV,5060,1980,1790,0,2510,0,0,46710000,튀르키예공장,모터,451
현대,아이오닉9,기본,익스클루시브,중형,전기,SUV,5060,1980,1790,0,2510,0,0,46710000,튀르키예공장,ABS 모듈,433
현대,아이오닉9,기본,프레스티지,중형,전기,SUV,5060,1980,1790,0,2610,0,0,44190000,울산공장,서스펜션,447
현대,아이오닉9,기본,프레스티지,중형,전기,SUV,5060,1980,1790,0,2610,0,0,44190000,울산공장,헤드램프,326
현대,아이오닉9,기본,프레스티지,중형,전기,SUV,5060,1980,1790,0,2610,0,0,44190000,울산공장,인포테인먼트,353
현대,아이오닉9,기본,프레스티지,중형,전기,SUV,5060,1980,1790,0,2610,0,0,44190000,울산공장,에어컨 컴프레서,453
현대,아이오닉9,기본,프레스티지,중형,전기,SUV,5060,1980,1790,0,2610,0,0,44190000,울산공장,배터리,433
현대,아이오닉9,기본,캘리그래피,중형,전기,SUV,5060,1980,1790,0,2630,0,0,16300000,인도공장,ABS 모듈,71
현대,아이오닉9,기본,캘리그래피,중형,전기,SUV,5060,1980,1790,0,2630,0,0,16300000,인도공장,모터,287
현대,아이오닉9,기본,캘리그래피,중형,전기,SUV,5060,1980,1790,0,2630,0,0,16300000,인도공장,변속기,207
현대,아이오닉9,기본,캘리그래피,중형,전기,SUV,5060,1980,1790,0,2630,0,0,16300000,인도공장,타이어,87
현대,아이오닉9,기본,캘리그래피,중형,전기,SUV,5060,1980,1790,0,2630,0,0,16300000,인도공장,에어컨 컴프레서,279
현대,아이오닉5,Standard,E-Value +,중형,전기,세단,4715,1940,1585,0,2200,0,4,31850000,인도네시아공장,헤드램프,416
현대,아이오닉5,Standard,E-Value +,중형,전기,세단,4715,1940,1585,0,2200,0,4,31850000,인도네시아공장,에어컨 컴프레서,497
현대,아이오닉5,Standard,E-Value +,중형,전기,세단,4715,1940,1585,0,2200,0,4,31850000,인도네시아공장,변속기,366
현대,아이오닉5,Standard,E-Value +,중형,전기,세단,4715,1940,1585,0,2200,0,4,31850000,인도네시아공장,배터리,353
현대,아이오닉5,Standard,E-Value +,중형,전기,세단,4715,1940,1585,0,2200,0,4,31850000,인도네시아공장,모터,196
현대,아이오닉5,Standard,Exclusive,중형,전기,세단,4715,1940,1585,0,2200,0,4,22690000,앨라배마공장,헤드램프,55
현대,아이오닉5,Standard,Exclusive,중형,전기,세단,4715,1940,1585,0,2200,0,4,22690000,앨라배마공장,ABS 모듈,148
현대,아이오닉5,Standard,Exclusive,중형,전기,세단,4715,1940,1585,0,2200,0,4,22690000,앨라배마공장,모터,429
현대,아이오닉5,Standard,Exclusive,중형,전기,세단,4715,1940,1585,0,2200,0,4,22690000,앨라배마공장,변속기,282
현대,아이오닉5,Standard,Exclusive,중형,전기,세단,4715,1940,1585,0,2200,0,4,22690000,앨라배마공장,타이어,86
현대,아이오닉5,Long Range,Exclusive,중형,전기,세단,4715,1940,1585,0,2200,0,4,38910000,앨라배마공장,모터,465
현대,아이오닉5,Long Range,Exclusive,중형,전기,세단,4715,1940,1585,0,2200,0,4,38910000,앨라배마공장,서스펜션,210
현대,아이오닉5,Long Range,Exclusive,중형,전기,세단,4715,1940,1585,0,2200,0,4,38910000,앨라배마공장,타이어,305
현대,아이오닉5,Long Range,Exclusive,중형,전기,세단,4715,1940,1585,0,2200,0,4,38910000,앨라배마공장,헤드램프,372
현대,아이오닉5,Long Range,Exclusive,중형,전기,세단,4715,1940,1585,0,2200,0,4,38910000,앨라배마공장,에어컨 컴프레서,177
현대,아이오닉5,Long Range,Prestige,중형,전기,세단,4715,1940,1585,0,2200,0,4,39330000,울산공장,배터리,337
현대,아이오닉5,Long Range,Prestige,중형,전기,세단,4715,1940,1585,0,2200,0,4,39330000,울산공장,에어컨 컴프레서,480
현대,아이오닉5,Long Range,Prestige,중형,전기,세단,4715,1940,1585,0,2200,0,4,39330000,울산공장,변속기,391
현대,아이오닉5,Long Range,Prestige,중형,전기,세단,4715,1940,1585,0,2200,0,4,39330000,울산공장,브레이크 시스템,200
현대,아이오닉5,Long Range,Prestige,중형,전기,세단,4715,1940,1585,0,2200,0,4,39330000,울산공장,인포테인먼트,499
현대,아이오닉5,Long Range,N Line,중형,전기,세단,4715,1940,1585,0,2200,0,4,68110000,인도공장,변속기,219
현대,아이오닉5,Long Range,N Line,중형,전기,세단,4715,1940,1585,0,2200,0,4,68110000,인도공장,에어컨 컴프레서,296
현대,아이오닉5,Long Range,N Line,중형,전기,세단,4715,1940,1585,0,2200,0,4,68110000,인도공장,인포테인먼트,75
현대,아이오닉5,Long Range,N Line,중형,전기,세단,4715,1940,1585,0,2200,0,4,68110000,인도공장,브레이크 시스템,404
현대,아이오닉5,Long Range,N Line,중형,전기,세단,4715,1940,1585,0,2200,0,4,68110000,인도공장,ABS 모듈,355
현대,아이오닉5,Long Range,E-Lite,중형,전기,세단,4715,1940,1585,0,2200,0,4,65510000,울산공장,브레이크 시스템,313
현대,아이오닉5,Long Range,E-Lite,중형,전기,세단,4715,1940,1585,0,2200,0,4,65510000,울산공장,ABS 모듈,449
현대,아이오닉5,Long Range,E-Lite,중형,전기,세단,4715,1940,1585,0,2200,0,4,65510000,울산공장,타이어,191
현대,아이오닉5,Long Range,E-Lite,중형,전기,세단,4715,1940,1585,0,2200,0,4,65510000,울산공장,서스펜션,420
현대,아이오닉5,Long Range,E-Lite,중형,전기,세단,4715,1940,1585,0,2200,0,4,65510000,울산공장,배터리,192
현대,스타리아,카고,Modern,대형,디젤,승합차,5255,1995,2000,2199,2005,156,12,26840000,중국공장,변속기,363
현대,스타리아,카고,Modern,대형,디젤,승합차,5255,1995,2000,2199,2005,156,12,26840000,중국공장,에어컨 컴프레서,107
현대,스타리아,카고,Modern,대형,디젤,승합차,5255,1995,2000,2199,2005,156,12,26840000,중국공장,헤드램프,391
현대,스타리아,카고,Modern,대형,디젤,승합차,5255,1995,2000,2199,2005,156,12,26840000,중국공장,배터리,354
현대,스타리아,카고,Modern,대형,디젤,승합차,5255,1995,2000,2199,2005,156,12,26840000,중국공장,브레이크 시스템,229
현대,스타리아,카고,Modern,대형,디젤,승합차,5255,1995,2000,2199,2080,161,12,60550000,앨라배마공장,인포테인먼트,109
현대,스타리아,카고,Modern,대형,디젤,승합차,5255,1995,2000,2199,2080,161,12,60550000,앨라배마공장,모터,157
현대,스타리아,카고,Modern,대형,디젤,승합차,5255,1995,2000,2199,2080,161,12,60550000,앨라배마공장,변속기,54
현대,스타리아,카고,Modern,대형,디젤,승합차,5255,1995,2000,2199,2080,161,12,60550000,앨라배마공장,배터리,152
현대,스타리아,카고,Modern,대형,디젤,승합차,5255,1995,2000,2199,2080,161,12,60550000,앨라배마공장,에어컨 컴프레서,245
현대,스타리아,투어러,Modern,대형,디젤,승합차,5255,1995,1990,2199,2390,190,10,48850000,인도네시아공장,인포테인먼트,155
현대,스타리아,투어러,Modern,대형,디젤,승합차,5255,1995,1990,2199,2390,190,10,48850000,인도네시아공장,모터,207
현대,스타리아,투어러,Modern,대형,디젤,승합차,5255,1995,1990,2199,2390,190,10,48850000,인도네시아공장,배터리,196
현대,스타리아,투어러,Modern,대형,디젤,승합차,5255,1995,1990,2199,2390,190,10,48850000,인도네시아공장,변속기,194
현대,스타리아,투어러,Modern,대형,디젤,승합차,5255,1995,1990,2199,2390,190,10,48850000,인도네시아공장,헤드램프,169
현대,스타리아,투어러,Prestige,대형,하이브리드,승합차,5255,1995,1990,1598,2220,132,12,56170000,튀르키예공장,에어컨 컴프레서,445
현대,스타리아,투어러,Prestige,대형,하이브리드,승합차,5255,1995,1990,1598,2220,132,12,56170000,튀르키예공장,배터리,178
현대,스타리아,투어러,Prestige,대형,하이브리드,승합차,5255,1995,1990,1598,2220,132,12,56170000,튀르키예공장,타이어,107
현대,스타리아,투어러,Prestige,대형,하이브리드,승합차,5255,1995,1990,1598,2220,132,12,56170000,튀르키예공장,ABS 모듈,171
현대,스타리아,투어러,Prestige,대형,하이브리드,승합차,5255,1995,1990,1598,2220,132,12,56170000,튀르키예공장,헤드램프,50
현대,스타리아,투어러,Inspiration,대형,하이브리드,승합차,5255,1995,1990,1598,2315,130,13,63430000,앨라배마공장,타이어,327
현대,스타리아,투어러,Inspiration,대형,하이브리드,승합차,5255,1995,1990,1598,2315,130,13,63430000,앨라배마공장,브레이크 시스템,398
현대,스타리아,투어러,Inspiration,대형,하이브리드,승합차,5255,1995,1990,1598,2315,130,13,63430000,앨라배마공장,에어컨 컴프레서,296
현대,스타리아,투어러,Inspiration,대형,하이브리드,승합차,5255,1995,1990,1598,2315,130,13,63430000,앨라배마공장,서스펜션,125
현대,스타리아,투어러,Inspiration,대형,하이브리드,승합차,5255,1995,1990,1598,2315,130,13,63430000,앨라배마공장,헤드램프,203
현대,스타리아,투어러,Limousine,대형,LPG,승합차,5255,1995,1990,3470,2190,197,7,44040000,전주공장,모터,253
현대,스타리아,투어러,Limousine,대형,LPG,승합차,5255,1995,1990,3470,2190,197,7,44040000,전주공장,인포테인먼트,449
현대,스타리아,투어러,Limousine,대형,LPG,승합차,5255,1995,1990,3470,2190,197,7,44040000,전주공장,타이어,267
현대,스타리아,투어러,Limousine,대형,LPG,승합차,5255,1995,1990,3470,2190,197,7,44040000,전주공장,서스펜션,481
현대,스타리아,투어러,Limousine,대형,LPG,승합차,5255,1995,1990,3470,2190,197,7,44040000,전주공장,에어컨 컴프레서,390
현대,스타리아,투어러,Modern,대형,LPG,승합차,5255,1995,1990,3470,2270,199,7,19740000,중국공장,인포테인먼트,374
현대,스타리아,투어러,Modern,대형,LPG,승합차,5255,1995,1990,3470,2270,199,7,19740000,중국공장,헤드램프,149
현대,스타리아,투어러,Modern,대형,LPG,승합차,5255,1995,1990,3470,2270,199,7,19740000,중국공장,모터,339
현대,스타리아,투어러,Modern,대형,LPG,승합차,5255,1995,1990,3470,2270,199,7,19740000,중국공장,브레이크 시스템,229
현대,스타리아,투어러,Modern,대형,LPG,승합차,5255,1995,1990,3470,2270,199,7,19740000,중국공장,변속기,272
현대,스타리아,카고,Modern,대형,LPG,승합차,5255,1995,2000,3470,1990,189,7,25820000,울산공장,서스펜션,433
현대,스타리아,카고,Modern,대형,LPG,승합차,5255,1995,2000,3470,1990,189,7,25820000,울산공장,인포테인먼트,209
현대,스타리아,카고,Modern,대형,LPG,승합차,5255,1995,2000,3470,1990,189,7,25820000,울산공장,헤드램프,389
현대,스타리아,카고,Modern,대형,LPG,승합차,5255,1995,2000,3470,1990,189,7,25820000,울산공장,에어컨 컴프레서,201
현대,스타리아,카고,Modern,대형,LPG,승합차,5255,1995,2000,3470,1990,189,7,25820000,울산공장,ABS 모듈,445
현대,스타리아,라운지,Prestige,대형,디젤,승합차,5255,1995,1990,2199,2240,171,11,40580000,인도네시아공장,타이어,372
현대,스타리아,라운지,Prestige,대형,디젤,승합차,5255,1995,1990,2199,2240,171,11,40580000,인도네시아공장,ABS 모듈,114
현대,스타리아,라운지,Prestige,대형,디젤,승합차,5255,1995,1990,2199,2240,171,11,40580000,인도네시아공장,인포테인먼트,466
현대,스타리아,라운지,Prestige,대형,디젤,승합차,5255,1995,1990,2199,2240,171,11,40580000,인도네시아공장,헤드램프,217
현대,스타리아,라운지,Prestige,대형,디젤,승합차,5255,1995,1990,2199,2240,171,11,40580000,인도네시아공장,변속기,379
현대,스타리아,라운지,Inspiration,대형,디젤,승합차,5255,1995,1990,2199,2240,171,11,35470000,브라질공장,서스펜션,139
현대,스타리아,라운지,Inspiration,대형,디젤,승합차,5255,1995,1990,2199,2240,171,11,35470000,브라질공장,변속기,467
현대,스타리아,라운지,Inspiration,대형,디젤,승합차,5255,1995,1990,2199,2240,171,11,35470000,브라질공장,ABS 모듈,164
현대,스타리아,라운지,Inspiration,대형,디젤,승합차,5255,1995,1990,2199,2240,171,11,35470000,브라질공장,에어컨 컴프레서,154
현대,스타리아,라운지,Inspiration,대형,디젤,승합차,5255,1995,1990,2199,2240,171,11,35470000,브라질공장,인포테인먼트,440
현대,스타리아,라운지,Inspiration,대형,디젤,승합차,5255,1995,1990,2199,2240,171,11,42470000,튀르키예공장,인포테인먼트,213
현대,스타리아,라운지,Inspiration,대형,디젤,승합차,5255,1995,1990,2199,2240,171,11,42470000,튀르키예공장,ABS 모듈,443
현대,스타리아,라운지,Inspiration,대형,디젤,승합차,5255,1995,1990,2199,2240,171,11,42470000,튀르키예공장,배터리,406
현대,스타리아,라운지,Inspiration,대형,디젤,승합차,5255,1995,1990,2199,2240,171,11,42470000,튀르키예공장,타이어,457
현대,스타리아,라운지,Inspiration,대형,디젤,승합차,5255,1995,1990,2199,2240,171,11,42470000,튀르키예공장,서스펜션,241
현대,스타리아,카고,Limousine,대형,하이브리드,승합차,5255,1995,2000,1598,1985,125,13,24750000,앨라배마공장,변속기,317
현대,스타리아,카고,Limousine,대형,하이브리드,승합차,5255,1995,2000,1598,1985,125,13,24750000,앨라배마공장,ABS 모듈,418
현대,스타리아,카고,Limousine,대형,하이브리드,승합차,5255,1995,2000,1598,1985,125,13,24750000,앨라배마공장,서스펜션,232
현대,스타리아,카고,Limousine,대형,하이브리드,승합차,5255,1995,2000,1598,1985,125,13,24750000,앨라배마공장,인포테인먼트,62
현대,스타리아,카고,Limousine,대형,하이브리드,승합차,5255,1995,2000,1598,1985,125,13,24750000,앨라배마공장,헤드램프,328
현대,스타리아,카고,Inspiration,대형,하이브리드,승합차,5255,1995,2000,1598,1985,125,13,33060000,싱가포르공장,타이어,68
현대,스타리아,카고,Inspiration,대형,하이브리드,승합차,5255,1995,2000,1598,1985,125,13,33060000,싱가포르공장,에어컨 컴프레서,226
현대,스타리아,카고,Inspiration,대형,하이브리드,승합차,5255,1995,2000,1598,1985,125,13,33060000,싱가포르공장,변속기,149
현대,스타리아,카고,Inspiration,대형,하이브리드,승합차,5255,1995,2000,1598,1985,125,13,33060000,싱가포르공장,모터,445
현대,스타리아,카고,Inspiration,대형,하이브리드,승합차,5255,1995,2000,1598,1985,125,13,33060000,싱가포르공장,서스펜션,494
현대,스타리아,카고,Limousine,대형,하이브리드,승합차,5255,1995,2000,1598,1985,125,13,16890000,앨라배마공장,변속기,118
현대,스타리아,카고,Limousine,대형,하이브리드,승합차,5255,1995,2000,1598,1985,125,13,16890000,앨라배마공장,서스펜션,148
현대,스타리아,카고,Limousine,대형,하이브리드,승합차,5255,1995,2000,1598,1985,125,13,16890000,앨라배마공장,모터,445
현대,스타리아,카고,Limousine,대형,하이브리드,승합차,5255,1995,2000,1598,1985,125,13,16890000,앨라배마공장,타이어,74
현대,스타리아,카고,Limousine,대형,하이브리드,승합차,5255,1995,2000,1598,1985,125,13,16890000,앨라배마공장,ABS 모듈,485
현대,펠리세이드,기본,Exclusive,대형,하이브리드,SUV,5060,1980,1805,0,2055,0,0,42340000,인도공장,헤드램프,447
현대,펠리세이드,기본,Exclusive,대형,하이브리드,SUV,5060,1980,1805,0,2055,0,0,42340000,인도공장,브레이크 시스템,272
현대,펠리세이드,기본,Exclusive,대형,하이브리드,SUV,5060,1980,1805,0,2055,0,0,42340000,인도공장,모터,171
현대,펠리세이드,기본,Exclusive,대형,하이브리드,SUV,5060,1980,1805,0,2055,0,0,42340000,인도공장,ABS 모듈,182
현대,펠리세이드,기본,Exclusive,대형,하이브리드,SUV,5060,1980,1805,0,2055,0,0,42340000,인도공장,인포테인먼트,212
현대,펠리세이드,기본,Prestige,대형,하이브리드,SUV,5060,1980,1805,0,2055,0,0,45050000,중국공장,인포테인먼트,56
현대,펠리세이드,기본,Prestige,대형,하이브리드,SUV,5060,1980,1805,0,2055,0,0,45050000,중국공장,브레이크 시스템,223
현대,펠리세이드,기본,Prestige,대형,하이브리드,SUV,5060,1980,1805,0,2055,0,0,45050000,중국공장,ABS 모듈,190
현대,펠리세이드,기본,Prestige,대형,하이브리드,SUV,5060,1980,1805,0,2055,0,0,45050000,중국공장,변속기,217
현대,펠리세이드,기본,Prestige,대형,하이브리드,SUV,5060,1980,1805,0,2055,0,0,45050000,중국공장,헤드램프,219
현대,펠리세이드,기본,Calligraphy,대형,하이브리드,SUV,5060,1980,1805,0,2055,0,0,61580000,아산공장,인포테인먼트,185
현대,펠리세이드,기본,Calligraphy,대형,하이브리드,SUV,5060,1980,1805,0,2055,0,0,61580000,아산공장,ABS 모듈,414
현대,펠리세이드,기본,Calligraphy,대형,하이브리드,SUV,5060,1980,1805,0,2055,0,0,61580000,아산공장,에어컨 컴프레서,370
현대,펠리세이드,기본,Calligraphy,대형,하이브리드,SUV,5060,1980,1805,0,2055,0,0,61580000,아산공장,배터리,391
현대,펠리세이드,기본,Calligraphy,대형,하이브리드,SUV,5060,1980,1805,0,2055,0,0,61580000,아산공장,변속기,194
현대,펠리세이드,기본,Exclusive,대형,하이브리드,SUV,5060,1980,1805,0,2055,0,0,33990000,인도네시아공장,모터,231
현대,펠리세이드,기본,Exclusive,대형,하이브리드,SUV,5060,1980,1805,0,2055,0,0,33990000,인도네시아공장,배터리,216
현대,펠리세이드,기본,Exclusive,대형,하이브리드,SUV,5060,1980,1805,0,2055,0,0,33990000,인도네시아공장,인포테인먼트,140
현대,펠리세이드,기본,Exclusive,대형,하이브리드,SUV,5060,1980,1805,0,2055,0,0,33990000,인도네시아공장,브레이크 시스템,251
현대,펠리세이드,기본,Exclusive,대형,하이브리드,SUV,5060,1980,1805,0,2055,0,0,33990000,인도네시아공장,ABS 모듈,395
현대,펠리세이드,기본,Prestige,대형,하이브리드,SUV,5060,1980,1805,0,2055,0,0,27670000,전주공장,배터리,366
현대,펠리세이드,기본,Prestige,대형,하이브리드,SUV,5060,1980,1805,0,2055,0,0,27670000,전주공장,헤드램프,432
현대,펠리세이드,기본,Prestige,대형,하이브리드,SUV,5060,1980,1805,0,2055,0,0,27670000,전주공장,에어컨 컴프레서,410
현대,펠리세이드,기본,Prestige,대형,하이브리드,SUV,5060,1980,1805,0,2055,0,0,27670000,전주공장,모터,472
현대,펠리세이드,기본,Prestige,대형,하이브리드,SUV,5060,1980,1805,0,2055,0,0,27670000,전주공장,인포테인먼트,50
현대,펠리세이드,기본,Calligraphy,대형,하이브리드,SUV,5060,1980,1805,0,2055,0,0,30280000,앨라배마공장,타이어,183
현대,펠리세이드,기본,Calligraphy,대형,하이브리드,SUV,5060,1980,1805,0,2055,0,0,30280000,앨라배마공장,모터,107
현대,펠리세이드,기본,Calligraphy,대형,하이브리드,SUV,5060,1980,1805,0,2055,0,0,30280000,앨라배마공장,변속기,93
현대,펠리세이드,기본,Calligraphy,대형,하이브리드,SUV,5060,1980,1805,0,2055,0,0,30280000,앨라배마공장,인포테인먼트,222
현대,펠리세이드,기본,Calligraphy,대형,하이브리드,SUV,5060,1980,1805,0,2055,0,0,30280000,앨라배마공장,ABS 모듈,209
현대,펠리세이드,기본,Exclusive,대형,가솔린,SUV,5060,1980,1805,2497,2055,193,9,47020000,전주공장,모터,490
현대,펠리세이드,기본,Exclusive,대형,가솔린,SUV,5060,1980,1805,2497,2055,193,9,47020000,전주공장,배터리,451
현대,펠리세이드,기본,Exclusive,대형,가솔린,SUV,5060,1980,1805,2497,2055,193,9,47020000,전주공장,서스펜션,96
현대,펠리세이드,기본,Exclusive,대형,가솔린,SUV,5060,1980,1805,2497,2055,193,9,47020000,전주공장,헤드램프,282
현대,펠리세이드,기본,Exclusive,대형,가솔린,SUV,5060,1980,1805,2497,2055,193,9,47020000,전주공장,인포테인먼트,354
현대,펠리세이드,기본,Prestige,대형,가솔린,SUV,5060,1980,1805,2497,2055,193,9,50560000,체코공장,헤드램프,407
현대,펠리세이드,기본,Prestige,대형,가솔린,SUV,5060,1980,1805,2497,2055,193,9,50560000,체코공장,에어컨 컴프레서,457
현대,펠리세이드,기본,Prestige,대형,가솔린,SUV,5060,1980,1805,2497,2055,193,9,50560000,체코공장,모터,205
현대,펠리세이드,기본,Prestige,대형,가솔린,SUV,5060,1980,1805,2497,2055,193,9,50560000,체코공장,서스펜션,422
현대,펠리세이드,기본,Prestige,대형,가솔린,SUV,5060,1980,1805,2497,2055,193,9,50560000,체코공장,타이어,57
현대,펠리세이드,기본,Calligraphy,대형,가솔린,SUV,5060,1980,1805,2497,2055,193,9,53900000,전주공장,변속기,241
현대,펠리세이드,기본,Calligraphy,대형,가솔린,SUV,5060,1980,1805,2497,2055,193,9,53900000,전주공장,브레이크 시스템,460
현대,펠리세이드,기본,Calligraphy,대형,가솔린,SUV,5060,1980,1805,2497,2055,193,9,53900000,전주공장,배터리,496
현대,펠리세이드,기본,Calligraphy,대형,가솔린,SUV,5060,1980,1805,2497,2055,193,9,53900000,전주공장,ABS 모듈,194
현대,펠리세이드,기본,Calligraphy,대형,가솔린,SUV,5060,1980,1805,2497,2055,193,9,53900000,전주공장,서스펜션,250
현대,펠리세이드,기본,Exclusive,대형,가솔린,SUV,5060,1980,1805,2497,2090,197,9,21460000,중국공장,브레이크 시스템,131
현대,펠리세이드,기본,Exclusive,대형,가솔린,SUV,5060,1980,1805,2497,2090,197,9,21460000,중국공장,ABS 모듈,420
현대,펠리세이드,기본,Exclusive,대형,가솔린,SUV,5060,1980,1805,2497,2090,197,9,21460000,중국공장,모터,305
현대,펠리세이드,기본,Exclusive,대형,가솔린,SUV,5060,1980,1805,2497,2090,197,9,21460000,중국공장,타이어,246
현대,펠리세이드,기본,Exclusive,대형,가솔린,SUV,5060,1980,1805,2497,2090,197,9,21460000,중국공장,서스펜션,352
현대,펠리세이드,기본,Prestige,대형,가솔린,SUV,5060,1980,1805,2497,2090,197,9,43880000,체코공장,서스펜션,338
현대,펠리세이드,기본,Prestige,대형,가솔린,SUV,5060,1980,1805,2497,2090,197,9,43880000,체코공장,변속기,423
현대,펠리세이드,기본,Prestige,대형,가솔린,SUV,5060,1980,1805,2497,2090,197,9,43880000,체코공장,에어컨 컴프레서,114
현대,펠리세이드,기본,Prestige,대형,가솔린,SUV,5060,1980,1805,2497,2090,197,9,43880000,체코공장,배터리,195
현대,펠리세이드,기본,Prestige,대형,가솔린,SUV,5060,1980,1805,2497,2090,197,9,43880000,체코공장,브레이크 시스템,273
현대,펠리세이드,기본,Calligraphy,대형,가솔린,SUV,5060,1980,1805,2497,2090,197,9,68930000,울산공장,인포테인먼트,147
현대,펠리세이드,기본,Calligraphy,대형,가솔린,SUV,5060,1980,1805,2497,2090,197,9,68930000,울산공장,에어컨 컴프레서,154
현대,펠리세이드,기본,Calligraphy,대형,가솔린,SUV,5060,1980,1805,2497,2090,197,9,68930000,울산공장,ABS 모듈,148
현대,펠리세이드,기본,Calligraphy,대형,가솔린,SUV,5060,1980,1805,2497,2090,197,9,68930000,울산공장,헤드램프,434
현대,펠리세이드,기본,Calligraphy,대형,가솔린,SUV,5060,1980,1805,2497,2090,197,9,68930000,울산공장,브레이크 시스템,454
제네시스,G80,기본,기본,중형,휘발유,세단,5005,1925,1465,2497,1900,166,9,39350000,인도공장,인포테인먼트,102
제네시스,G80,기본,기본,중형,휘발유,세단,5005,1925,1465,2497,1900,166,9,39350000,인도공장,타이어,214
제네시스,G80,기본,기본,중형,휘발유,세단,5005,1925,1465,2497,1900,166,9,39350000,인도공장,브레이크 시스템,251
제네시스,G80,기본,기본,중형,휘발유,세단,5005,1925,1465,2497,1900,166,9,39350000,인도공장,모터,132
제네시스,G80,기본,기본,중형,휘발유,세단,5005,1925,1465,2497,1900,166,9,39350000,인도공장,헤드램프,194
제네시스,G80,기본,기본,중형,휘발유,세단,5005,1925,1465,2497,1915,166,9,21000000,울산공장,인포테인먼트,337
제네시스,G80,기본,기본,중형,휘발유,세단,5005,1925,1465,2497,1915,166,9,21000000,울산공장,에어컨 컴프레서,83
제네시스,G80,기본,기본,중형,휘발유,세단,5005,1925,1465,2497,1915,166,9,21000000,울산공장,모터,397
제네시스,G80,기본,기본,중형,휘발유,세단,5005,1925,1465,2497,1915,166,9,21000000,울산공장,서스펜션,144
제네시스,G80,기본,기본,중형,휘발유,세단,5005,1925,1465,2497,1915,166,9,21000000,울산공장,타이어,121
제네시스,G80,기본,기본,중형,휘발유,세단,5005,1925,1465,2497,1925,166,8,38630000,인도네시아공장,변속기,438
제네시스,G80,기본,기본,중형,휘발유,세단,5005,1925,1465,2497,1925,166,8,38630000,인도네시아공장,에어컨 컴프레서,271
제네시스,G80,기본,기본,중형,휘발유,세단,5005,1925,1465,2497,1925,166,8,38630000,인도네시아공장,배터리,300
제네시스,G80,기본,기본,중형,휘발유,세단,5005,1925,1465,2497,1925,166,8,38630000,인도네시아공장,헤드램프,362
제네시스,G80,기본,기본,중형,휘발유,세단,5005,1925,1465,2497,1925,166,8,38630000,인도네시아공장,타이어,450
제네시스,G80,기본,스포츠,중형,휘발유,세단,5005,1925,1465,2497,2000,190,8,35610000,인도네시아공장,배터리,275
제네시스,G80,기본,스포츠,중형,휘발유,세단,5005,1925,1465,2497,2000,190,8,35610000,인도네시아공장,타이어,343
제네시스,G80,기본,스포츠,중형,휘발유,세단,5005,1925,1465,2497,2000,190,8,35610000,인도네시아공장,에어컨 컴프레서,355
제네시스,G80,기본,스포츠,중형,휘발유,세단,5005,1925,1465,2497,2000,190,8,35610000,인도네시아공장,인포테인먼트,147
제네시스,G80,기본,스포츠,중형,휘발유,세단,5005,1925,1465,2497,2000,190,8,35610000,인도네시아공장,브레이크 시스템,387
제네시스,G80,기본,블랙,중형,휘발유,세단,5005,1925,1465,2497,2005,172,8,17410000,인도공장,변속기,155
제네시스,G80,기본,블랙,중형,휘발유,세단,5005,1925,1465,2497,2005,172,8,17410000,인도공장,헤드램프,100
제네시스,G80,기본,블랙,중형,휘발유,세단,5005,1925,1465,2497,2005,172,8,17410000,인도공장,타이어,130
제네시스,G80,기본,블랙,중형,휘발유,세단,5005,1925,1465,2497,2005,172,8,17410000,인도공장,인포테인먼트,182
제네시스,G80,기본,블랙,중형,휘발유,세단,5005,1925,1465,2497,2005,172,8,17410000,인도공장,서스펜션,334
제네시스,G80,기본,기본,중형,휘발유,세단,5005,1925,1465,3470,2000,166,8,35410000,중국공장,브레이크 시스템,102
제네시스,G80,기본,기본,중형,휘발유,세단,5005,1925,1465,3470,2000,166,8,35410000,중국공장,서스펜션,499
제네시스,G80,기본,기본,중형,휘발유,세단,5005,1925,1465,3470,2000,166,8,35410000,중국공장,ABS 모듈,254
제네시스,G80,기본,기본,중형,휘발유,세단,5005,1925,1465,3470,2000,166,8,35410000,중국공장,변속기,175
제네시스,G80,기본,기본,중형,휘발유,세단,5005,1925,1465,3470,2000,166,8,35410000,중국공장,타이어,284
제네시스,G80,기본,스포츠,중형,휘발유,세단,5005,1925,1465,3470,2005,190,8,43240000,아산공장,모터,204
제네시스,G80,기본,스포츠,중형,휘발유,세단,5005,1925,1465,3470,2005,190,8,43240000,아산공장,ABS 모듈,142
제네시스,G80,기본,스포츠,중형,휘발유,세단,5005,1925,1465,3470,2005,190,8,43240000,아산공장,배터리,209
제네시스,G80,기본,스포츠,중형,휘발유,세단,5005,1925,1465,3470,2005,190,8,43240000,아산공장,변속기,483
제네시스,G80,기본,스포츠,중형,휘발유,세단,5005,1925,1465,3470,2005,190,8,43240000,아산공장,에어컨 컴프레서,110
제네시스,G80,기본,블랙,중형,휘발유,세단,5005,1925,1465,3470,2005,172,8,41120000,중국공장,인포테인먼트,454
제네시스,G80,기본,블랙,중형,휘발유,세단,5005,1925,1465,3470,2005,172,8,41120000,중국공장,배터리,375
제네시스,G80,기본,블랙,중형,휘발유,세단,5005,1925,1465,3470,2005,172,8,41120000,중국공장,ABS 모듈,50
제네시스,G80,기본,블랙,중형,휘발유,세단,5005,1925,1465,3470,2005,172,8,41120000,중국공장,에어컨 컴프레서,182
제네시스,G80,기본,블랙,중형,휘발유,세단,5005,1925,1465,3470,2005,172,8,41120000,중국공장,모터,282
제네시스,G80,기본,기본,중형,전기차,세단,5135,1925,1480,0,2355,166,0,28630000,튀르키예공장,에어컨 컴프레서,96
제네시스,G80,기본,기본,중형,전기차,세단,5135,1925,1480,0,2355,166,0,28630000,튀르키예공장,서스펜션,170
제네시스,G80,기본,기본,중형,전기차,세단,5135,1925,1480,0,2355,166,0,28630000,튀르키예공장,인포테인먼트,263
제네시스,G80,기본,기본,중형,전기차,세단,5135,1925,1480,0,2355,166,0,28630000,튀르키예공장,브레이크 시스템,288
제네시스,G80,기본,기본,중형,전기차,세단,5135,1925,1480,0,2355,166,0,28630000,튀르키예공장,변속기,105
제네시스,G80,기본,기본,중형,전기차,세단,5135,1925,1480,0,2355,166,0,69860000,체코공장,모터,263
제네시스,G80,기본,기본,중형,전기차,세단,5135,1925,1480,0,2355,166,0,69860000,체코공장,서스펜션,63
제네시스,G80,기본,기본,중형,전기차,세단,5135,1925,1480,0,2355,166,0,69860000,체코공장,ABS 모듈,77
제네시스,G80,기본,기본,중형,전기차,세단,5135,1925,1480,0,2355,166,0,69860000,체코공장,헤드램프,127
제네시스,G80,기본,기본,중형,전기차,세단,5135,1925,1480,0,2355,166,0,69860000,체코공장,변속기,265
제네시스,G80,기본,기본,중형,전기차,세단,5135,1925,1480,0,2355,166,0,29780000,브라질공장,에어컨 컴프레서,343
제네시스,G80,기본,기본,중형,전기차,세단,5135,1925,1480,0,2355,166,0,29780000,브라질공장,타이어,276
제네시스,G80,기본,기본,중형,전기차,세단,5135,1925,1480,0,2355,166,0,29780000,브라질공장,배터리,420
제네시스,G80,기본,기본,중형,전기차,세단,5135,1925,1480,0,2355,166,0,29780000,브라질공장,변속기,64
제네시스,G80,기본,기본,중형,전기차,세단,5135,1925,1480,0,2355,166,0,29780000,브라질공장,ABS 모듈,241
제네시스,G80,기본,기본,중형,전기차,세단,5135,1925,1480,0,2355,166,0,40560000,브라질공장,타이어,175
제네시스,G80,기본,기본,중형,전기차,세단,5135,1925,1480,0,2355,166,0,40560000,브라질공장,ABS 모듈,349
제네시스,G80,기본,기본,중형,전기차,세단,5135,1925,1480,0,2355,166,0,40560000,브라질공장,브레이크 시스템,74
제네시스,G80,기본,기본,중형,전기차,세단,5135,1925,1480,0,2355,166,0,40560000,브라질공장,인포테인먼트,194
제네시스,G80,기본,기본,중형,전기차,세단,5135,1925,1480,0,2355,166,0,40560000,브라질공장,배터리,62
제네시스,G80,기본,기본,중형,전기차,세단,5135,1925,1480,0,2355,166,0,22750000,전주공장,ABS 모듈,160
제네시스,G80,기본,기본,중형,전기차,세단,5135,1925,1480,0,2355,166,0,22750000,전주공장,인포테인먼트,83
제네시스,G80,기본,기본,중형,전기차,세단,5135,1925,1480,0,2355,166,0,22750000,전주공장,서스펜션,160
제네시스,G80,기본,기본,중형,전기차,세단,5135,1925,1480,0,2355,166,0,22750000,전주공장,변속기,313
제네시스,G80,기본,기본,중형,전기차,세단,5135,1925,1480,0,2355,166,0,22750000,전주공장,배터리,473
제네시스,GV60,기본,기본,소형 ,휘발유,SUV,4545,1890,1580,0,2020,0,5,55140000,체코공장,헤드램프,364
제네시스,GV60,기본,기본,소형 ,휘발유,SUV,4545,1890,1580,0,2020,0,5,55140000,체코공장,서스펜션,414
제네시스,GV60,기본,기본,소형 ,휘발유,SUV,4545,1890,1580,0,2020,0,5,55140000,체코공장,ABS 모듈,278
제네시스,GV60,기본,기본,소형 ,휘발유,SUV,4545,1890,1580,0,2020,0,5,55140000,체코공장,인포테인먼트,426
제네시스,GV60,기본,기본,소형 ,휘발유,SUV,4545,1890,1580,0,2020,0,5,55140000,체코공장,에어컨 컴프레서,338
제네시스,GV60,기본,기본,소형 ,휘발유,SUV,4545,1890,1580,0,2130,0,5,15340000,체코공장,배터리,360
제네시스,GV60,기본,기본,소형 ,휘발유,SUV,4545,1890,1580,0,2130,0,5,15340000,체코공장,인포테인먼트,186
제네시스,GV60,기본,기본,소형 ,휘발유,SUV,4545,1890,1580,0,2130,0,5,15340000,체코공장,브레이크 시스템,296
제네시스,GV60,기본,기본,소형 ,휘발유,SUV,4545,1890,1580,0,2130,0,5,15340000,체코공장,모터,436
제네시스,GV60,기본,기본,소형 ,휘발유,SUV,4545,1890,1580,0,2130,0,5,15340000,체코공장,에어컨 컴프레서,292
제네시스,GV60,기본,기본,소형 ,휘발유,SUV,4545,1890,1580,0,2140,0,4,46520000,중국공장,배터리,167
제네시스,GV60,기본,기본,소형 ,휘발유,SUV,4545,1890,1580,0,2140,0,4,46520000,중국공장,헤드램프,418
제네시스,GV60,기본,기본,소형 ,휘발유,SUV,4545,1890,1580,0,2140,0,4,46520000,중국공장,브레이크 시스템,143
제네시스,GV60,기본,기본,소형 ,휘발유,SUV,4545,1890,1580,0,2140,0,4,46520000,중국공장,타이어,484
제네시스,GV60,기본,기본,소형 ,휘발유,SUV,4545,1890,1580,0,2140,0,4,46520000,중국공장,모터,111
제네시스,GV60,기본,기본,소형 ,휘발유,SUV,4545,1890,1580,0,2190,0,4,34550000,브라질공장,변속기,167
제네시스,GV60,기본,기본,소형 ,휘발유,SUV,4545,1890,1580,0,2190,0,4,34550000,브라질공장,ABS 모듈,373
제네시스,GV60,기본,기본,소형 ,휘발유,SUV,4545,1890,1580,0,2190,0,4,34550000,브라질공장,에어컨 컴프레서,324
제네시스,GV60,기본,기본,소형 ,휘발유,SUV,4545,1890,1580,0,2190,0,4,34550000,브라질공장,배터리,261
제네시스,GV60,기본,기본,소형 ,휘발유,SUV,4545,1890,1580,0,2190,0,4,34550000,브라질공장,인포테인먼트,274
제네시스,GV70,기본,기본,준중형,휘발유,SUV,4715,1910,1630,2497,1915,171,10,30850000,싱가포르공장,브레이크 시스템,405
제네시스,GV70,기본,기본,준중형,휘발유,SUV,4715,1910,1630,2497,1915,171,10,30850000,싱가포르공장,ABS 모듈,382
제네시스,GV70,기본,기본,준중형,휘발유,SUV,4715,1910,1630,2497,1915,171,10,30850000,싱가포르공장,인포테인먼트,308
제네시스,GV70,기본,기본,준중형,휘발유,SUV,4715,1910,1630,2497,1915,171,10,30850000,싱가포르공장,변속기,210
제네시스,GV70,기본,기본,준중형,휘발유,SUV,4715,1910,1630,2497,1915,171,10,30850000,싱가포르공장,모터,439
제네시스,GV70,기본,기본,준중형,휘발유,SUV,4715,1910,1630,2497,1940,171,9,54430000,울산공장,브레이크 시스템,133
제네시스,GV70,기본,기본,준중형,휘발유,SUV,4715,1910,1630,2497,1940,171,9,54430000,울산공장,서스펜션,370
제네시스,GV70,기본,기본,준중형,휘발유,SUV,4715,1910,1630,2497,1940,171,9,54430000,울산공장,배터리,368
제네시스,GV70,기본,기본,준중형,휘발유,SUV,4715,1910,1630,2497,1940,171,9,54430000,울산공장,ABS 모듈,150
제네시스,GV70,기본,기본,준중형,휘발유,SUV,4715,1910,1630,2497,1940,171,9,54430000,울산공장,에어컨 컴프레서,378
제네시스,GV70,기본,스포츠,준중형,휘발유,SUV,4715,1910,1630,2497,1950,190,9,45730000,앨라배마공장,에어컨 컴프레서,367
제네시스,GV70,기본,스포츠,준중형,휘발유,SUV,4715,1910,1630,2497,1950,190,9,45730000,앨라배마공장,타이어,493
제네시스,GV70,기본,스포츠,준중형,휘발유,SUV,4715,1910,1630,2497,1950,190,9,45730000,앨라배마공장,변속기,285
제네시스,GV70,기본,스포츠,준중형,휘발유,SUV,4715,1910,1630,2497,1950,190,9,45730000,앨라배마공장,모터,483
제네시스,GV70,기본,스포츠,준중형,휘발유,SUV,4715,1910,1630,2497,1950,190,9,45730000,앨라배마공장,인포테인먼트,383
제네시스,GV70,기본,스포츠,준중형,휘발유,SUV,4715,1910,1630,3470,2050,190,9,25210000,체코공장,ABS 모듈,369
제네시스,GV70,기본,스포츠,준중형,휘발유,SUV,4715,1910,1630,3470,2050,190,9,25210000,체코공장,서스펜션,455
제네시스,GV70,기본,스포츠,준중형,휘발유,SUV,4715,1910,1630,3470,2050,190,9,25210000,체코공장,타이어,109
제네시스,GV70,기본,스포츠,준중형,휘발유,SUV,4715,1910,1630,3470,2050,190,9,25210000,체코공장,헤드램프,369
제네시스,GV70,기본,스포츠,준중형,휘발유,SUV,4715,1910,1630,3470,2050,190,9,25210000,체코공장,에어컨 컴프레서,398
제네시스,GV70,기본,스포츠,준중형,휘발유,SUV,4715,1910,1630,3470,2060,190,8,49610000,아산공장,모터,428
제네시스,GV70,기본,스포츠,준중형,휘발유,SUV,4715,1910,1630,3470,2060,190,8,49610000,아산공장,타이어,127
제네시스,GV70,기본,스포츠,준중형,휘발유,SUV,4715,1910,1630,3470,2060,190,8,49610000,아산공장,서스펜션,459
제네시스,GV70,기본,스포츠,준중형,휘발유,SUV,4715,1910,1630,3470,2060,190,8,49610000,아산공장,배터리,111
제네시스,GV70,기본,스포츠,준중형,휘발유,SUV,4715,1910,1630,3470,2060,190,8,49610000,아산공장,브레이크 시스템,181
제네시스,G70,기본,스포츠,준중형,휘발유,세단,4685,1850,1400,1998,1660,190,10,41130000,인도공장,변속기,112
제네시스,G70,기본,스포츠,준중형,휘발유,세단,4685,1850,1400,1998,1660,190,10,41130000,인도공장,에어컨 컴프레서,192
제네시스,G70,기본,스포츠,준중형,휘발유,세단,4685,1850,1400,1998,1660,190,10,41130000,인도공장,인포테인먼트,202
제네시스,G70,기본,스포츠,준중형,휘발유,세단,4685,1850,1400,1998,1660,190,10,41130000,인도공장,배터리,194
제네시스,G70,기본,스포츠,준중형,휘발유,세단,4685,1850,1400,1998,1660,190,10,41130000,인도공장,브레이크 시스템,274
제네시스,G70,기본,기본,준중형,휘발유,세단,4685,1850,1400,1998,1675,171,10,67250000,인도공장,타이어,228
제네시스,G70,기본,기본,준중형,휘발유,세단,4685,1850,1400,1998,1675,171,10,67250000,인도공장,배터리,91
제네시스,G70,기본,기본,준중형,휘발유,세단,4685,1850,1400,1998,1675,171,10,67250000,인도공장,에어컨 컴프레서,497
제네시스,G70,기본,기본,준중형,휘발유,세단,4685,1850,1400,1998,1675,171,10,67250000,인도공장,헤드램프,64
제네시스,G70,기본,기본,준중형,휘발유,세단,4685,1850,1400,1998,1675,171,10,67250000,인도공장,인포테인먼트,160
제네시스,G70,기본,기본,준중형,휘발유,세단,4685,1850,1400,1998,1680,171,10,53430000,울산공장,인포테인먼트,460
제네시스,G70,기본,기본,준중형,휘발유,세단,4685,1850,1400,1998,1680,171,10,53430000,울산공장,변속기,488
제네시스,G70,기본,기본,준중형,휘발유,세단,4685,1850,1400,1998,1680,171,10,53430000,울산공장,모터,338
제네시스,G70,기본,기본,준중형,휘발유,세단,4685,1850,1400,1998,1680,171,10,53430000,울산공장,타이어,303
제네시스,G70,기본,기본,준중형,휘발유,세단,4685,1850,1400,1998,1680,171,10,53430000,울산공장,헤드램프,245
제네시스,G70,기본,스포츠,준중형,휘발유,세단,4685,1850,1400,3342,1750,190,9,30000000,전주공장,에어컨 컴프레서,414
제네시스,G70,기본,스포츠,준중형,휘발유,세단,4685,1850,1400,3342,1750,190,9,30000000,전주공장,타이어,265
제네시스,G70,기본,스포츠,준중형,휘발유,세단,4685,1850,1400,3342,1750,190,9,30000000,전주공장,서스펜션,485
제네시스,G70,기본,스포츠,준중형,휘발유,세단,4685,1850,1400,3342,1750,190,9,30000000,전주공장,배터리,233
제네시스,G70,기본,스포츠,준중형,휘발유,세단,4685,1850,1400,3342,1750,190,9,30000000,전주공장,인포테인먼트,64
제네시스,G70,기본,스포츠,준중형,휘발유,세단,4685,1850,1400,3342,1760,190,8,62980000,아산공장,브레이크 시스템,292
제네시스,G70,기본,스포츠,준중형,휘발유,세단,4685,1850,1400,3342,1760,190,8,62980000,아산공장,타이어,469
제네시스,G70,기본,스포츠,준중형,휘발유,세단,4685,1850,1400,3342,1760,190,8,62980000,아산공장,모터,341
제네시스,G70,기본,스포츠,준중형,휘발유,세단,4685,1850,1400,3342,1760,190,8,62980000,아산공장,배터리,331
제네시스,G70,기본,스포츠,준중형,휘발유,세단,4685,1850,1400,3342,1760,190,8,62980000,아산공장,ABS 모듈,348
제네시스,G90,기본,기본,대형,휘발유,세단,5275,1930,1490,3470,2195,184,9,16610000,브라질공장,배터리,190
제네시스,G90,기본,기본,대형,휘발유,세단,5275,1930,1490,3470,2195,184,9,16610000,브라질공장,헤드램프,153
제네시스,G90,기본,기본,대형,휘발유,세단,5275,1930,1490,3470,2195,184,9,16610000,브라질공장,인포테인먼트,495
제네시스,G90,기본,기본,대형,휘발유,세단,5275,1930,1490,3470,2195,184,9,16610000,브라질공장,타이어,259
제네시스,G90,기본,기본,대형,휘발유,세단,5275,1930,1490,3470,2195,184,9,16610000,브라질공장,서스펜션,160
제네시스,G90,기본,기본,대형,휘발유,세단,5275,1930,1490,3470,2215,184,9,57970000,울산공장,배터리,141
제네시스,G90,기본,기본,대형,휘발유,세단,5275,1930,1490,3470,2215,184,9,57970000,울산공장,모터,336
제네시스,G90,기본,기본,대형,휘발유,세단,5275,1930,1490,3470,2215,184,9,57970000,울산공장,브레이크 시스템,427
제네시스,G90,기본,기본,대형,휘발유,세단,5275,1930,1490,3470,2215,184,9,57970000,울산공장,서스펜션,442
제네시스,G90,기본,기본,대형,휘발유,세단,5275,1930,1490,3470,2215,184,9,57970000,울산공장,ABS 모듈,100
제네시스,G90,기본,기본,대형,휘발유,세단,5275,1930,1490,3470,2255,184,9,34810000,전주공장,에어컨 컴프레서,231
제네시스,G90,기본,기본,대형,휘발유,세단,5275,1930,1490,3470,2255,184,9,34810000,전주공장,서스펜션,362
제네시스,G90,기본,기본,대형,휘발유,세단,5275,1930,1490,3470,2255,184,9,34810000,전주공장,모터,50
제네시스,G90,기본,기본,대형,휘발유,세단,5275,1930,1490,3470,2255,184,9,34810000,전주공장,타이어,368
제네시스,G90,기본,기본,대형,휘발유,세단,5275,1930,1490,3470,2255,184,9,34810000,전주공장,변속기,487
제네시스,G90,기본,롱휠베이스,대형,휘발유,세단,5465,1930,1490,3470,2395,202,9,24950000,전주공장,헤드램프,362
제네시스,G90,기본,롱휠베이스,대형,휘발유,세단,5465,1930,1490,3470,2395,202,9,24950000,전주공장,모터,166
제네시스,G90,기본,롱휠베이스,대형,휘발유,세단,5465,1930,1490,3470,2395,202,9,24950000,전주공장,에어컨 컴프레서,203
제네시스,G90,기본,롱휠베이스,대형,휘발유,세단,5465,1930,1490,3470,2395,202,9,24950000,전주공장,ABS 모듈,474
제네시스,G90,기본,롱휠베이스,대형,휘발유,세단,5465,1930,1490,3470,2395,202,9,24950000,전주공장,배터리,340
제네시스,G90,기본,블랙,대형,휘발유,세단,5465,1930,1490,3470,2255,190,9,64110000,울산공장,타이어,396
제네시스,G90,기본,블랙,대형,휘발유,세단,5465,1930,1490,3470,2255,190,9,64110000,울산공장,배터리,66
제네시스,G90,기본,블랙,대형,휘발유,세단,5465,1930,1490,3470,2255,190,9,64110000,울산공장,변속기,177
제네시스,G90,기본,블랙,대형,휘발유,세단,5465,1930,1490,3470,2255,190,9,64110000,울산공장,서스펜션,476
제네시스,G90,기본,블랙,대형,휘발유,세단,5465,1930,1490,3470,2255,190,9,64110000,울산공장,인포테인먼트,492
제네시스,G90,기본,블랙,대형,휘발유,세단,5465,1930,1490,3470,2395,190,9,48420000,싱가포르공장,모터,199
제네시스,G90,기본,블랙,대형,휘발유,세단,5465,1930,1490,3470,2395,190,9,48420000,싱가포르공장,타이어,203
제네시스,G90,기본,블랙,대형,휘발유,세단,5465,1930,1490,3470,2395,190,9,48420000,싱가포르공장,서스펜션,205
제네시스,G90,기본,블랙,대형,휘발유,세단,5465,1930,1490,3470,2395,190,9,48420000,싱가포르공장,헤드램프,419
제네시스,G90,기본,블랙,대형,휘발유,세단,5465,1930,1490,3470,2395,190,9,48420000,싱가포르공장,변속기,98
제네시스,GV80,기본,기본,중형,휘발유,SUV,4955,1975,1715,2497,2130,179,10,60510000,체코공장,ABS 모듈,98
제네시스,GV80,기본,기본,중형,휘발유,SUV,4955,1975,1715,2497,2130,179,10,60510000,체코공장,브레이크 시스템,376
제네시스,GV80,기본,기본,중형,휘발유,SUV,4955,1975,1715,2497,2130,179,10,60510000,체코공장,변속기,306
제네시스,GV80,기본,기본,중형,휘발유,SUV,4955,1975,1715,2497,2130,179,10,60510000,체코공장,모터,273
제네시스,GV80,기본,기본,중형,휘발유,SUV,4955,1975,1715,2497,2130,179,10,60510000,체코공장,인포테인먼트,190
제네시스,GV80,기본,기본,중형,휘발유,SUV,4955,1975,1715,2497,2215,179,9,52980000,체코공장,모터,68
제네시스,GV80,기본,기본,중형,휘발유,SUV,4955,1975,1715,2497,2215,179,9,52980000,체코공장,타이어,67
제네시스,GV80,기본,기본,중형,휘발유,SUV,4955,1975,1715,2497,2215,179,9,52980000,체코공장,에어컨 컴프레서,306
제네시스,GV80,기본,기본,중형,휘발유,SUV,4955,1975,1715,2497,2215,179,9,52980000,체코공장,배터리,127
제네시스,GV80,기본,기본,중형,휘발유,SUV,4955,1975,1715,2497,2215,179,9,52980000,체코공장,변속기,420
제네시스,GV80,기본,기본,중형,휘발유,SUV,4955,1975,1715,3470,2290,179,8,27750000,전주공장,브레이크 시스템,434
제네시스,GV80,기본,기본,중형,휘발유,SUV,4955,1975,1715,3470,2290,179,8,27750000,전주공장,인포테인먼트,313
제네시스,GV80,기본,기본,중형,휘발유,SUV,4955,1975,1715,3470,2290,179,8,27750000,전주공장,서스펜션,462
제네시스,GV80,기본,기본,중형,휘발유,SUV,4955,1975,1715,3470,2290,179,8,27750000,전주공장,변속기,104
제네시스,GV80,기본,기본,중형,휘발유,SUV,4955,1975,1715,3470,2290,179,8,27750000,전주공장,헤드램프,408
제네시스,GV80,기본,기본,중형,휘발유,SUV,4955,1975,1715,3470,2310,179,8,25160000,울산공장,변속기,440
제네시스,GV80,기본,기본,중형,휘발유,SUV,4955,1975,1715,3470,2310,179,8,25160000,울산공장,서스펜션,398
제네시스,GV80,기본,기본,중형,휘발유,SUV,4955,1975,1715,3470,2310,179,8,25160000,울산공장,인포테인먼트,57
제네시스,GV80,기본,기본,중형,휘발유,SUV,4955,1975,1715,3470,2310,179,8,25160000,울산공장,헤드램프,370
제네시스,GV80,기본,기본,중형,휘발유,SUV,4955,1975,1715,3470,2310,179,8,25160000,울산공장,배터리,362
제네시스,GV80,기본,블랙,중형,휘발유,SUV,4955,1975,1715,3470,2310,185,8,18370000,앨라배마공장,ABS 모듈,116
제네시스,GV80,기본,블랙,중형,휘발유,SUV,4955,1975,1715,3470,2310,185,8,18370000,앨라배마공장,배터리,100
제네시스,GV80,기본,블랙,중형,휘발유,SUV,4955,1975,1715,3470,2310,185,8,18370000,앨라배마공장,모터,146
제네시스,GV80,기본,블랙,중형,휘발유,SUV,4955,1975,1715,3470,2310,185,8,18370000,앨라배마공장,에어컨 컴프레서,141
제네시스,GV80,기본,블랙,중형,휘발유,SUV,4955,1975,1715,3470,2310,185,8,18370000,앨라배마공장,변속기,313
현대,그랜저,기본,프리미엄,대형,휘발유,세단,5035,1880,1460,2497,1620,143,12,23780000,앨라배마공장,변속기,447
현대,그랜저,기본,프리미엄,대형,휘발유,세단,5035,1880,1460,2497,1620,143,12,23780000,앨라배마공장,타이어,272
현대,그랜저,기본,프리미엄,대형,휘발유,세단,5035,1880,1460,2497,1620,143,12,23780000,앨라배마공장,배터리,360
현대,그랜저,기본,프리미엄,대형,휘발유,세단,5035,1880,1460,2497,1620,143,12,23780000,앨라배마공장,에어컨 컴프레서,481
현대,그랜저,기본,프리미엄,대형,휘발유,세단,5035,1880,1460,2497,1620,143,12,23780000,앨라배마공장,헤드램프,56
현대,그랜저,기본,익스클루시브,대형,휘발유,세단,5035,1880,1460,2497,1635,148,11,25760000,전주공장,모터,334
현대,그랜저,기본,익스클루시브,대형,휘발유,세단,5035,1880,1460,2497,1635,148,11,25760000,전주공장,ABS 모듈,237
현대,그랜저,기본,익스클루시브,대형,휘발유,세단,5035,1880,1460,2497,1635,148,11,25760000,전주공장,인포테인먼트,131
현대,그랜저,기본,익스클루시브,대형,휘발유,세단,5035,1880,1460,2497,1635,148,11,25760000,전주공장,에어컨 컴프레서,51
현대,그랜저,기본,익스클루시브,대형,휘발유,세단,5035,1880,1460,2497,1635,148,11,25760000,전주공장,브레이크 시스템,434
현대,그랜저,기본,캘리그래피,대형,휘발유,세단,5035,1880,1460,2497,1655,150,11,63870000,전주공장,배터리,310
현대,그랜저,기본,캘리그래피,대형,휘발유,세단,5035,1880,1460,2497,1655,150,11,63870000,전주공장,ABS 모듈,342
현대,그랜저,기본,캘리그래피,대형,휘발유,세단,5035,1880,1460,2497,1655,150,11,63870000,전주공장,헤드램프,471
현대,그랜저,기본,캘리그래피,대형,휘발유,세단,5035,1880,1460,2497,1655,150,11,63870000,전주공장,타이어,305
현대,그랜저,기본,캘리그래피,대형,휘발유,세단,5035,1880,1460,2497,1655,150,11,63870000,전주공장,인포테인먼트,271
현대,그랜저,기본,블랙 익스테리어,대형,휘발유,세단,5035,1880,1460,2497,1655,150,11,54930000,체코공장,배터리,130
현대,그랜저,기본,블랙 익스테리어,대형,휘발유,세단,5035,1880,1460,2497,1655,150,11,54930000,체코공장,ABS 모듈,251
현대,그랜저,기본,블랙 익스테리어,대형,휘발유,세단,5035,1880,1460,2497,1655,150,11,54930000,체코공장,인포테인먼트,207
현대,그랜저,기본,블랙 익스테리어,대형,휘발유,세단,5035,1880,1460,2497,1655,150,11,54930000,체코공장,타이어,169
현대,그랜저,기본,블랙 익스테리어,대형,휘발유,세단,5035,1880,1460,2497,1655,150,11,54930000,체코공장,서스펜션,108
현대,그랜저,기본,블랙 잉크,대형,휘발유,세단,5035,1880,1460,2497,1655,150,11,63590000,튀르키예공장,타이어,408
현대,그랜저,기본,블랙 잉크,대형,휘발유,세단,5035,1880,1460,2497,1655,150,11,63590000,튀르키예공장,변속기,250
현대,그랜저,기본,블랙 잉크,대형,휘발유,세단,5035,1880,1460,2497,1655,150,11,63590000,튀르키예공장,인포테인먼트,295
현대,그랜저,기본,블랙 잉크,대형,휘발유,세단,5035,1880,1460,2497,1655,150,11,63590000,튀르키예공장,에어컨 컴프레서,327
현대,그랜저,기본,블랙 잉크,대형,휘발유,세단,5035,1880,1460,2497,1655,150,11,63590000,튀르키예공장,ABS 모듈,284
현대,그랜저,LPG3.5,프리미엄,대형,LPG,세단,5035,1880,1460,3470,1715,170,8,18790000,전주공장,ABS 모듈,90
현대,그랜저,LPG3.5,프리미엄,대형,LPG,세단,5035,1880,1460,3470,1715,170,8,18790000,전주공장,인포테인먼트,471
현대,그랜저,LPG3.5,프리미엄,대형,LPG,세단,5035,1880,1460,3470,1715,170,8,18790000,전주공장,배터리,83
현대,그랜저,LPG3.5,프리미엄,대형,LPG,세단,5035,1880,1460,3470,1715,170,8,18790000,전주공장,타이어,66
현대,그랜저,LPG3.5,프리미엄,대형,LPG,세단,5035,1880,1460,3470,1715,170,8,18790000,전주공장,헤드램프,214
현대,그랜저,LPG3.5,익스클루시브,대형,LPG,세단,5035,1880,1460,3470,1750,183,7,19920000,튀르키예공장,서스펜션,336
현대,그랜저,LPG3.5,익스클루시브,대형,LPG,세단,5035,1880,1460,3470,1750,183,7,19920000,튀르키예공장,브레이크 시스템,183
현대,그랜저,LPG3.5,익스클루시브,대형,LPG,세단,5035,1880,1460,3470,1750,183,7,19920000,튀르키예공장,배터리,268
현대,그랜저,LPG3.5,익스클루시브,대형,LPG,세단,5035,1880,1460,3470,1750,183,7,19920000,튀르키예공장,타이어,217
현대,그랜저,LPG3.5,익스클루시브,대형,LPG,세단,5035,1880,1460,3470,1750,183,7,19920000,튀르키예공장,인포테인먼트,147
현대,그랜저,하이브리드,프리미엄,대형,하이브리드,세단,5035,1880,1460,1598,1700,88,18,67760000,브라질공장,브레이크 시스템,95
현대,그랜저,하이브리드,프리미엄,대형,하이브리드,세단,5035,1880,1460,1598,1700,88,18,67760000,브라질공장,에어컨 컴프레서,113
현대,그랜저,하이브리드,프리미엄,대형,하이브리드,세단,5035,1880,1460,1598,1700,88,18,67760000,브라질공장,ABS 모듈,179
현대,그랜저,하이브리드,프리미엄,대형,하이브리드,세단,5035,1880,1460,1598,1700,88,18,67760000,브라질공장,인포테인먼트,359
현대,그랜저,하이브리드,프리미엄,대형,하이브리드,세단,5035,1880,1460,1598,1700,88,18,67760000,브라질공장,배터리,412
현대,그랜저,하이브리드,익스클루시브,대형,하이브리드,세단,5035,1880,1460,1598,1715,96,17,35620000,체코공장,인포테인먼트,60
현대,그랜저,하이브리드,익스클루시브,대형,하이브리드,세단,5035,1880,1460,1598,1715,96,17,35620000,체코공장,ABS 모듈,213
현대,그랜저,하이브리드,익스클루시브,대형,하이브리드,세단,5035,1880,1460,1598,1715,96,17,35620000,체코공장,서스펜션,162
현대,그랜저,하이브리드,익스클루시브,대형,하이브리드,세단,5035,1880,1460,1598,1715,96,17,35620000,체코공장,타이어,236
현대,그랜저,하이브리드,익스클루시브,대형,하이브리드,세단,5035,1880,1460,1598,1715,96,17,35620000,체코공장,모터,344
현대,그랜저,하이브리드,캘리그래피,대형,하이브리드,세단,5035,1880,1460,1598,1735,103,16,53840000,전주공장,헤드램프,288
현대,그랜저,하이브리드,캘리그래피,대형,하이브리드,세단,5035,1880,1460,1598,1735,103,16,53840000,전주공장,서스펜션,197
현대,그랜저,하이브리드,캘리그래피,대형,하이브리드,세단,5035,1880,1460,1598,1735,103,16,53840000,전주공장,배터리,276
현대,그랜저,하이브리드,캘리그래피,대형,하이브리드,세단,5035,1880,1460,1598,1735,103,16,53840000,전주공장,에어컨 컴프레서,293
현대,그랜저,하이브리드,캘리그래피,대형,하이브리드,세단,5035,1880,1460,1598,1735,103,16,53840000,전주공장,변속기,386
현대,그랜저,하이브리드,블랙 익스테리어,대형,하이브리드,세단,5035,1880,1460,1598,1735,103,16,15640000,튀르키예공장,서스펜션,110
현대,그랜저,하이브리드,블랙 익스테리어,대형,하이브리드,세단,5035,1880,1460,1598,1735,103,16,15640000,튀르키예공장,브레이크 시스템,476
현대,그랜저,하이브리드,블랙 익스테리어,대형,하이브리드,세단,5035,1880,1460,1598,1735,103,16,15640000,튀르키예공장,에어컨 컴프레서,153
현대,그랜저,하이브리드,블랙 익스테리어,대형,하이브리드,세단,5035,1880,1460,1598,1735,103,16,15640000,튀르키예공장,ABS 모듈,91
현대,그랜저,하이브리드,블랙 익스테리어,대형,하이브리드,세단,5035,1880,1460,1598,1735,103,16,15640000,튀르키예공장,배터리,74
현대,그랜저,하이브리드,블랙 잉크,대형,하이브리드,세단,5035,1880,1460,1598,1735,103,16,40680000,중국공장,배터리,403
현대,그랜저,하이브리드,블랙 잉크,대형,하이브리드,세단,5035,1880,1460,1598,1735,103,16,40680000,중국공장,타이어,61
현대,그랜저,하이브리드,블랙 잉크,대형,하이브리드,세단,5035,1880,1460,1598,1735,103,16,40680000,중국공장,인포테인먼트,324
현대,그랜저,하이브리드,블랙 잉크,대형,하이브리드,세단,5035,1880,1460,1598,1735,103,16,40680000,중국공장,ABS 모듈,150
현대,그랜저,하이브리드,블랙 잉크,대형,하이브리드,세단,5035,1880,1460,1598,1735,103,16,40680000,중국공장,에어컨 컴프레서,93
현대,그랜저,하이브리드,블랙 잉크,대형,하이브리드,세단,5035,1880,1460,1598,1735,103,16,69630000,앨라배마공장,ABS 모듈,130
현대,그랜저,하이브리드,블랙 잉크,대형,하이브리드,세단,5035,1880,1460,1598,1735,103,16,69630000,앨라배마공장,변속기,264
현대,그랜저,하이브리드,블랙 잉크,대형,하이브리드,세단,5035,1880,1460,1598,1735,103,16,69630000,앨라배마공장,브레이크 시스템,423
현대,그랜저,하이브리드,블랙 잉크,대형,하이브리드,세단,5035,1880,1460,1598,1735,103,16,69630000,앨라배마공장,인포테인먼트,247
현대,그랜저,하이브리드,블랙 잉크,대형,하이브리드,세단,5035,1880,1460,1598,1735,103,16,69630000,앨라배마공장,에어컨 컴프레서,249
현대,투싼,1.6T 가솔린 2WD,Modern,중형,휘발유,SUV,4630,1865,1665,1555,1598,144,13,67480000,브라질공장,ABS 모듈,65
현대,투싼,1.6T 가솔린 2WD,Modern,중형,휘발유,SUV,4630,1865,1665,1555,1598,144,13,67480000,브라질공장,변속기,248
현대,투싼,1.6T 가솔린 2WD,Modern,중형,휘발유,SUV,4630,1865,1665,1555,1598,144,13,67480000,브라질공장,서스펜션,450
현대,투싼,1.6T 가솔린 2WD,Modern,중형,휘발유,SUV,4630,1865,1665,1555,1598,144,13,67480000,브라질공장,인포테인먼트,456
현대,투싼,1.6T 가솔린 2WD,Modern,중형,휘발유,SUV,4630,1865,1665,1555,1598,144,13,67480000,브라질공장,타이어,331
현대,투싼,1.6T 가솔린 2WD,Premium,중형,휘발유,SUV,4630,1865,1665,1555,1598,144,12,35270000,체코공장,인포테인먼트,364
현대,투싼,1.6T 가솔린 2WD,Premium,중형,휘발유,SUV,4630,1865,1665,1555,1598,144,12,35270000,체코공장,에어컨 컴프레서,264
현대,투싼,1.6T 가솔린 2WD,Premium,중형,휘발유,SUV,4630,1865,1665,1555,1598,144,12,35270000,체코공장,배터리,131
현대,투싼,1.6T 가솔린 2WD,Premium,중형,휘발유,SUV,4630,1865,1665,1555,1598,144,12,35270000,체코공장,브레이크 시스템,272
현대,투싼,1.6T 가솔린 2WD,Premium,중형,휘발유,SUV,4630,1865,1665,1555,1598,144,12,35270000,체코공장,타이어,421
현대,투싼,1.6T 가솔린 2WD,N Line Premium,중형,휘발유,SUV,4630,1865,1665,1730,1998,144,12,41950000,아산공장,변속기,157
현대,투싼,1.6T 가솔린 2WD,N Line Premium,중형,휘발유,SUV,4630,1865,1665,1730,1998,144,12,41950000,아산공장,에어컨 컴프레서,237
현대,투싼,1.6T 가솔린 2WD,N Line Premium,중형,휘발유,SUV,4630,1865,1665,1730,1998,144,12,41950000,아산공장,타이어,350
현대,투싼,1.6T 가솔린 2WD,N Line Premium,중형,휘발유,SUV,4630,1865,1665,1730,1998,144,12,41950000,아산공장,ABS 모듈,147
현대,투싼,1.6T 가솔린 2WD,N Line Premium,중형,휘발유,SUV,4630,1865,1665,1730,1998,144,12,41950000,아산공장,배터리,180
현대,투싼,1.6T 가솔린 2WD,Inspiration,중형,휘발유,SUV,4630,1865,1665,1555,1598,144,12,29950000,튀르키예공장,브레이크 시스템,446
현대,투싼,1.6T 가솔린 2WD,Inspiration,중형,휘발유,SUV,4630,1865,1665,1555,1598,144,12,29950000,튀르키예공장,헤드램프,259
현대,투싼,1.6T 가솔린 2WD,Inspiration,중형,휘발유,SUV,4630,1865,1665,1555,1598,144,12,29950000,튀르키예공장,타이어,210
현대,투싼,1.6T 가솔린 2WD,Inspiration,중형,휘발유,SUV,4630,1865,1665,1555,1598,144,12,29950000,튀르키예공장,ABS 모듈,65
현대,투싼,1.6T 가솔린 2WD,Inspiration,중형,휘발유,SUV,4630,1865,1665,1555,1598,144,12,29950000,튀르키예공장,배터리,475
현대,투싼,1.6T 가솔린 2WD,N Line Inspiration,중형,휘발유,SUV,4630,1865,1665,1730,1998,95,12,67580000,울산공장,ABS 모듈,465
현대,투싼,1.6T 가솔린 2WD,N Line Inspiration,중형,휘발유,SUV,4630,1865,1665,1730,1998,95,12,67580000,울산공장,에어컨 컴프레서,145
현대,투싼,1.6T 가솔린 2WD,N Line Inspiration,중형,휘발유,SUV,4630,1865,1665,1730,1998,95,12,67580000,울산공장,배터리,276
현대,투싼,1.6T 가솔린 2WD,N Line Inspiration,중형,휘발유,SUV,4630,1865,1665,1730,1998,95,12,67580000,울산공장,변속기,428
현대,투싼,1.6T 가솔린 2WD,N Line Inspiration,중형,휘발유,SUV,4630,1865,1665,1730,1998,95,12,67580000,울산공장,인포테인먼트,88
현대,투싼,1.6T 하이브리드 2WD,Modern,중형,하이브리드,SUV,4630,1865,1665,1555,1598,95,17,18910000,브라질공장,모터,463
현대,투싼,1.6T 하이브리드 2WD,Modern,중형,하이브리드,SUV,4630,1865,1665,1555,1598,95,17,18910000,브라질공장,서스펜션,458
현대,투싼,1.6T 하이브리드 2WD,Modern,중형,하이브리드,SUV,4630,1865,1665,1555,1598,95,17,18910000,브라질공장,브레이크 시스템,408
현대,투싼,1.6T 하이브리드 2WD,Modern,중형,하이브리드,SUV,4630,1865,1665,1555,1598,95,17,18910000,브라질공장,헤드램프,389
현대,투싼,1.6T 하이브리드 2WD,Modern,중형,하이브리드,SUV,4630,1865,1665,1555,1598,95,17,18910000,브라질공장,타이어,438
현대,투싼,1.6T 하이브리드 2WD,Premium,중형,하이브리드,SUV,4630,1865,1665,1555,1598,95,16,60140000,앨라배마공장,헤드램프,202
현대,투싼,1.6T 하이브리드 2WD,Premium,중형,하이브리드,SUV,4630,1865,1665,1555,1598,95,16,60140000,앨라배마공장,인포테인먼트,481
현대,투싼,1.6T 하이브리드 2WD,Premium,중형,하이브리드,SUV,4630,1865,1665,1555,1598,95,16,60140000,앨라배마공장,서스펜션,242
현대,투싼,1.6T 하이브리드 2WD,Premium,중형,하이브리드,SUV,4630,1865,1665,1555,1598,95,16,60140000,앨라배마공장,에어컨 컴프레서,486
현대,투싼,1.6T 하이브리드 2WD,Premium,중형,하이브리드,SUV,4630,1865,1665,1555,1598,95,16,60140000,앨라배마공장,모터,122
현대,투싼,1.6T 하이브리드 2WD,N Line Premium,중형,하이브리드,SUV,4630,1865,1665,1730,1998,95,16,59740000,앨라배마공장,ABS 모듈,476
현대,투싼,1.6T 하이브리드 2WD,N Line Premium,중형,하이브리드,SUV,4630,1865,1665,1730,1998,95,16,59740000,앨라배마공장,변속기,429
현대,투싼,1.6T 하이브리드 2WD,N Line Premium,중형,하이브리드,SUV,4630,1865,1665,1730,1998,95,16,59740000,앨라배마공장,타이어,247
현대,투싼,1.6T 하이브리드 2WD,N Line Premium,중형,하이브리드,SUV,4630,1865,1665,1730,1998,95,16,59740000,앨라배마공장,모터,344
현대,투싼,1.6T 하이브리드 2WD,N Line Premium,중형,하이브리드,SUV,4630,1865,1665,1730,1998,95,16,59740000,앨라배마공장,브레이크 시스템,489
현대,투싼,1.6T 하이브리드 2WD,Inspiration,중형,하이브리드,SUV,4630,1865,1665,1730,1998,95,16,50610000,중국공장,헤드램프,422
현대,투싼,1.6T 하이브리드 2WD,Inspiration,중형,하이브리드,SUV,4630,1865,1665,1730,1998,95,16,50610000,중국공장,변속기,292
현대,투싼,1.6T 하이브리드 2WD,Inspiration,중형,하이브리드,SUV,4630,1865,1665,1730,1998,95,16,50610000,중국공장,타이어,415
현대,투싼,1.6T 하이브리드 2WD,Inspiration,중형,하이브리드,SUV,4630,1865,1665,1730,1998,95,16,50610000,중국공장,브레이크 시스템,379
현대,투싼,1.6T 하이브리드 2WD,Inspiration,중형,하이브리드,SUV,4630,1865,1665,1730,1998,95,16,50610000,중국공장,ABS 모듈,156
현대,투싼,1.6T 하이브리드 2WD,N Line Inspiration,중형,하이브리드,SUV,4630,1865,1665,1730,1998,95,16,37780000,앨라배마공장,에어컨 컴프레서,103
현대,투싼,1.6T 하이브리드 2WD,N Line Inspiration,중형,하이브리드,SUV,4630,1865,1665,1730,1998,95,16,37780000,앨라배마공장,ABS 모듈,96
현대,투싼,1.6T 하이브리드 2WD,N Line Inspiration,중형,하이브리드,SUV,4630,1865,1665,1730,1998,95,16,37780000,앨라배마공장,변속기,264
현대,투싼,1.6T 하이브리드 2WD,N Line Inspiration,중형,하이브리드,SUV,4630,1865,1665,1730,1998,95,16,37780000,앨라배마공장,브레이크 시스템,226
현대,투싼,1.6T 하이브리드 2WD,N Line Inspiration,중형,하이브리드,SUV,4630,1865,1665,1730,1998,95,16,37780000,앨라배마공장,인포테인먼트,58
현대,쏘나타,스마트스트림 가솔린 2.0,Premium,준중형,가솔린,세단,4900,1860,1445,1999,1475,132,13,45990000,울산공장,서스펜션,111
현대,쏘나타,스마트스트림 가솔린 2.0,Premium,준중형,가솔린,세단,4900,1860,1445,1999,1475,132,13,45990000,울산공장,헤드램프,194
현대,쏘나타,스마트스트림 가솔린 2.0,Premium,준중형,가솔린,세단,4900,1860,1445,1999,1475,132,13,45990000,울산공장,ABS 모듈,265
현대,쏘나타,스마트스트림 가솔린 2.0,Premium,준중형,가솔린,세단,4900,1860,1445,1999,1475,132,13,45990000,울산공장,인포테인먼트,52
현대,쏘나타,스마트스트림 가솔린 2.0,Premium,준중형,가솔린,세단,4900,1860,1445,1999,1475,132,13,45990000,울산공장,타이어,209
현대,쏘나타,스마트스트림 가솔린 2.0,Exclusive,준중형,가솔린,세단,4900,1860,1445,1999,1475,132,13,17000000,울산공장,타이어,316
현대,쏘나타,스마트스트림 가솔린 2.0,Exclusive,준중형,가솔린,세단,4900,1860,1445,1999,1475,132,13,17000000,울산공장,서스펜션,154
현대,쏘나타,스마트스트림 가솔린 2.0,Exclusive,준중형,가솔린,세단,4900,1860,1445,1999,1475,132,13,17000000,울산공장,모터,489
현대,쏘나타,스마트스트림 가솔린 2.0,Exclusive,준중형,가솔린,세단,4900,1860,1445,1999,1475,132,13,17000000,울산공장,에어컨 컴프레서,372
현대,쏘나타,스마트스트림 가솔린 2.0,Exclusive,준중형,가솔린,세단,4900,1860,1445,1999,1475,132,13,17000000,울산공장,헤드램프,172
현대,쏘나타,스마트스트림 가솔린 2.0,Inspiration,준중형,가솔린,세단,4900,1860,1445,1999,1475,132,13,63750000,튀르키예공장,ABS 모듈,310
현대,쏘나타,스마트스트림 가솔린 2.0,Inspiration,준중형,가솔린,세단,4900,1860,1445,1999,1475,132,13,63750000,튀르키예공장,변속기,444
현대,쏘나타,스마트스트림 가솔린 2.0,Inspiration,준중형,가솔린,세단,4900,1860,1445,1999,1475,132,13,63750000,튀르키예공장,타이어,492
현대,쏘나타,스마트스트림 가솔린 2.0,Inspiration,준중형,가솔린,세단,4900,1860,1445,1999,1475,132,13,63750000,튀르키예공장,인포테인먼트,275
현대,쏘나타,스마트스트림 가솔린 2.0,Inspiration,준중형,가솔린,세단,4900,1860,1445,1999,1475,132,13,63750000,튀르키예공장,서스펜션,173
현대,쏘나타,스마트스트림 가솔린 1.6 터보,Premium,준중형,가솔린,세단,4900,1860,1445,1598,1490,123,14,46040000,인도네시아공장,헤드램프,130
현대,쏘나타,스마트스트림 가솔린 1.6 터보,Premium,준중형,가솔린,세단,4900,1860,1445,1598,1490,123,14,46040000,인도네시아공장,에어컨 컴프레서,163
현대,쏘나타,스마트스트림 가솔린 1.6 터보,Premium,준중형,가솔린,세단,4900,1860,1445,1598,1490,123,14,46040000,인도네시아공장,배터리,89
현대,쏘나타,스마트스트림 가솔린 1.6 터보,Premium,준중형,가솔린,세단,4900,1860,1445,1598,1490,123,14,46040000,인도네시아공장,서스펜션,350
현대,쏘나타,스마트스트림 가솔린 1.6 터보,Premium,준중형,가솔린,세단,4900,1860,1445,1598,1490,123,14,46040000,인도네시아공장,타이어,273
현대,쏘나타,스마트스트림 LPG 2.0,Premium,준중형,LPG,세단,4900,1860,1445,1999,1490,134,10,60980000,체코공장,ABS 모듈,196
현대,쏘나타,스마트스트림 LPG 2.0,Premium,준중형,LPG,세단,4900,1860,1445,1999,1490,134,10,60980000,체코공장,서스펜션,385
현대,쏘나타,스마트스트림 LPG 2.0,Premium,준중형,LPG,세단,4900,1860,1445,1999,1490,134,10,60980000,체코공장,에어컨 컴프레서,217
현대,쏘나타,스마트스트림 LPG 2.0,Premium,준중형,LPG,세단,4900,1860,1445,1999,1490,134,10,60980000,체코공장,배터리,141
현대,쏘나타,스마트스트림 LPG 2.0,Premium,준중형,LPG,세단,4900,1860,1445,1999,1490,134,10,60980000,체코공장,변속기,402
현대,쏘나타,스마트스트림 가솔린 2.0 하이브리드,Premium,준중형,하이브리드,세단,4900,1860,1445,1999,1490,134,19,39540000,싱가포르공장,ABS 모듈,94
현대,쏘나타,스마트스트림 가솔린 2.0 하이브리드,Premium,준중형,하이브리드,세단,4900,1860,1445,1999,1490,134,19,39540000,싱가포르공장,배터리,363
현대,쏘나타,스마트스트림 가솔린 2.0 하이브리드,Premium,준중형,하이브리드,세단,4900,1860,1445,1999,1490,134,19,39540000,싱가포르공장,인포테인먼트,298
현대,쏘나타,스마트스트림 가솔린 2.0 하이브리드,Premium,준중형,하이브리드,세단,4900,1860,1445,1999,1490,134,19,39540000,싱가포르공장,서스펜션,80
현대,쏘나타,스마트스트림 가솔린 2.0 하이브리드,Premium,준중형,하이브리드,세단,4900,1860,1445,1999,1490,134,19,39540000,싱가포르공장,브레이크 시스템,72
현대,쏘나타,스마트스트림 가솔린 1.6 터보,N Line,준중형,가솔린,세단,4900,1860,1445,1598,1500,126,13,51450000,인도네시아공장,브레이크 시스템,344
현대,쏘나타,스마트스트림 가솔린 1.6 터보,N Line,준중형,가솔린,세단,4900,1860,1445,1598,1500,126,13,51450000,인도네시아공장,배터리,499
현대,쏘나타,스마트스트림 가솔린 1.6 터보,N Line,준중형,가솔린,세단,4900,1860,1445,1598,1500,126,13,51450000,인도네시아공장,헤드램프,273
현대,쏘나타,스마트스트림 가솔린 1.6 터보,N Line,준중형,가솔린,세단,4900,1860,1445,1598,1500,126,13,51450000,인도네시아공장,인포테인먼트,62
현대,쏘나타,스마트스트림 가솔린 1.6 터보,N Line,준중형,가솔린,세단,4900,1860,1445,1598,1500,126,13,51450000,인도네시아공장,에어컨 컴프레서,95
현대,쏘나타,스마트스트림 가솔린 2.5 터보,N Line,준중형,가솔린,세단,4900,1860,1445,2497,1550,170,11,23040000,중국공장,ABS 모듈,463
현대,쏘나타,스마트스트림 가솔린 2.5 터보,N Line,준중형,가솔린,세단,4900,1860,1445,2497,1550,170,11,23040000,중국공장,브레이크 시스템,123
현대,쏘나타,스마트스트림 가솔린 2.5 터보,N Line,준중형,가솔린,세단,4900,1860,1445,2497,1550,170,11,23040000,중국공장,인포테인먼트,282
현대,쏘나타,스마트스트림 가솔린 2.5 터보,N Line,준중형,가솔린,세단,4900,1860,1445,2497,1550,170,11,23040000,중국공장,변속기,273
현대,쏘나타,스마트스트림 가솔린 2.5 터보,N Line,준중형,가솔린,세단,4900,1860,1445,2497,1550,170,11,23040000,중국공장,에어컨 컴프레서,368
현대,쏘나타,스마트스트림 가솔린 2.0 하이브리드,Premium,준중형,하이브리드,세단,4900,1860,1445,1999,1550,170,19,42310000,울산공장,배터리,61
현대,쏘나타,스마트스트림 가솔린 2.0 하이브리드,Premium,준중형,하이브리드,세단,4900,1860,1445,1999,1550,170,19,42310000,울산공장,타이어,455
현대,쏘나타,스마트스트림 가솔린 2.0 하이브리드,Premium,준중형,하이브리드,세단,4900,1860,1445,1999,1550,170,19,42310000,울산공장,브레이크 시스템,450
현대,쏘나타,스마트스트림 가솔린 2.0 하이브리드,Premium,준중형,하이브리드,세단,4900,1860,1445,1999,1550,170,19,42310000,울산공장,헤드램프,443
현대,쏘나타,스마트스트림 가솔린 2.0 하이브리드,Premium,준중형,하이브리드,세단,4900,1860,1445,1999,1550,170,19,42310000,울산공장,모터,423
현대,쏘나타,스마트스트림 가솔린 2.0 하이브리드,Exclusive,준중형,하이브리드,세단,4900,1860,1445,1999,1550,170,19,42730000,인도네시아공장,에어컨 컴프레서,213
현대,쏘나타,스마트스트림 가솔린 2.0 하이브리드,Exclusive,준중형,하이브리드,세단,4900,1860,1445,1999,1550,170,19,42730000,인도네시아공장,타이어,300
현대,쏘나타,스마트스트림 가솔린 2.0 하이브리드,Exclusive,준중형,하이브리드,세단,4900,1860,1445,1999,1550,170,19,42730000,인도네시아공장,서스펜션,276
현대,쏘나타,스마트스트림 가솔린 2.0 하이브리드,Exclusive,준중형,하이브리드,세단,4900,1860,1445,1999,1550,170,19,42730000,인도네시아공장,변속기,485
현대,쏘나타,스마트스트림 가솔린 2.0 하이브리드,Exclusive,준중형,하이브리드,세단,4900,1860,1445,1999,1550,170,19,42730000,인도네시아공장,헤드램프,430
현대,쏘나타,스마트스트림 가솔린 2.0 하이브리드,Inspiration,준중형,하이브리드,세단,4900,1860,1445,1999,1550,170,19,30700000,울산공장,헤드램프,479
현대,쏘나타,스마트스트림 가솔린 2.0 하이브리드,Inspiration,준중형,하이브리드,세단,4900,1860,1445,1999,1550,170,19,30700000,울산공장,에어컨 컴프레서,275
현대,쏘나타,스마트스트림 가솔린 2.0 하이브리드,Inspiration,준중형,하이브리드,세단,4900,1860,1445,1999,1550,170,19,30700000,울산공장,변속기,334
현대,쏘나타,스마트스트림 가솔린 2.0 하이브리드,Inspiration,준중형,하이브리드,세단,4900,1860,1445,1999,1550,170,19,30700000,울산공장,모터,53
현대,쏘나타,스마트스트림 가솔린 2.0 하이브리드,Inspiration,준중형,하이브리드,세단,4900,1860,1445,1999,1550,170,19,30700000,울산공장,인포테인먼트,148
현대,아반떼,스마트스트림 가솔린 1.6,Smart,준중형,가솔린,세단,4710,1825,1420,1598,1235,118,15,65560000,전주공장,에어컨 컴프레서,71
현대,아반떼,스마트스트림 가솔린 1.6,Smart,준중형,가솔린,세단,4710,1825,1420,1598,1235,118,15,65560000,전주공장,배터리,76
현대,아반떼,스마트스트림 가솔린 1.6,Smart,준중형,가솔린,세단,4710,1825,1420,1598,1235,118,15,65560000,전주공장,모터,244
현대,아반떼,스마트스트림 가솔린 1.6,Smart,준중형,가솔린,세단,4710,1825,1420,1598,1235,118,15,65560000,전주공장,브레이크 시스템,386
현대,아반떼,스마트스트림 가솔린 1.6,Smart,준중형,가솔린,세단,4710,1825,1420,1598,1235,118,15,65560000,전주공장,ABS 모듈,431
현대,아반떼,스마트스트림 가솔린 1.6,Modern,준중형,가솔린,세단,4710,1825,1420,1598,1235,118,15,41900000,앨라배마공장,타이어,436
현대,아반떼,스마트스트림 가솔린 1.6,Modern,준중형,가솔린,세단,4710,1825,1420,1598,1235,118,15,41900000,앨라배마공장,배터리,306
현대,아반떼,스마트스트림 가솔린 1.6,Modern,준중형,가솔린,세단,4710,1825,1420,1598,1235,118,15,41900000,앨라배마공장,ABS 모듈,107
현대,아반떼,스마트스트림 가솔린 1.6,Modern,준중형,가솔린,세단,4710,1825,1420,1598,1235,118,15,41900000,앨라배마공장,모터,429
현대,아반떼,스마트스트림 가솔린 1.6,Modern,준중형,가솔린,세단,4710,1825,1420,1598,1235,118,15,41900000,앨라배마공장,에어컨 컴프레서,471
현대,아반떼,스마트스트림 가솔린 1.6,Inspiration,준중형,가솔린,세단,4710,1825,1420,1598,1235,118,15,53400000,싱가포르공장,ABS 모듈,121
현대,아반떼,스마트스트림 가솔린 1.6,Inspiration,준중형,가솔린,세단,4710,1825,1420,1598,1235,118,15,53400000,싱가포르공장,변속기,109
현대,아반떼,스마트스트림 가솔린 1.6,Inspiration,준중형,가솔린,세단,4710,1825,1420,1598,1235,118,15,53400000,싱가포르공장,헤드램프,479
현대,아반떼,스마트스트림 가솔린 1.6,Inspiration,준중형,가솔린,세단,4710,1825,1420,1598,1235,118,15,53400000,싱가포르공장,타이어,194
현대,아반떼,스마트스트림 가솔린 1.6,Inspiration,준중형,가솔린,세단,4710,1825,1420,1598,1235,118,15,53400000,싱가포르공장,에어컨 컴프레서,142
현대,아반떼,스마트스트림 가솔린 1.6 하이브리드,Smart Hybrid,준중형,하이브리드,세단,4710,1825,1420,1598,1235,0,21,25280000,인도네시아공장,타이어,230
현대,아반떼,스마트스트림 가솔린 1.6 하이브리드,Smart Hybrid,준중형,하이브리드,세단,4710,1825,1420,1598,1235,0,21,25280000,인도네시아공장,배터리,73
현대,아반떼,스마트스트림 가솔린 1.6 하이브리드,Smart Hybrid,준중형,하이브리드,세단,4710,1825,1420,1598,1235,0,21,25280000,인도네시아공장,헤드램프,365
현대,아반떼,스마트스트림 가솔린 1.6 하이브리드,Smart Hybrid,준중형,하이브리드,세단,4710,1825,1420,1598,1235,0,21,25280000,인도네시아공장,에어컨 컴프레서,427
현대,아반떼,스마트스트림 가솔린 1.6 하이브리드,Smart Hybrid,준중형,하이브리드,세단,4710,1825,1420,1598,1235,0,21,25280000,인도네시아공장,모터,436
현대,아반떼,스마트스트림 가솔린 1.6 터보,N Line Modern,준중형,가솔린,세단,4710,1825,1420,1598,1235,118,14,20020000,튀르키예공장,브레이크 시스템,493
현대,아반떼,스마트스트림 가솔린 1.6 터보,N Line Modern,준중형,가솔린,세단,4710,1825,1420,1598,1235,118,14,20020000,튀르키예공장,모터,368
현대,아반떼,스마트스트림 가솔린 1.6 터보,N Line Modern,준중형,가솔린,세단,4710,1825,1420,1598,1235,118,14,20020000,튀르키예공장,서스펜션,263
현대,아반떼,스마트스트림 가솔린 1.6 터보,N Line Modern,준중형,가솔린,세단,4710,1825,1420,1598,1235,118,14,20020000,튀르키예공장,변속기,166
현대,아반떼,스마트스트림 가솔린 1.6 터보,N Line Modern,준중형,가솔린,세단,4710,1825,1420,1598,1235,118,14,20020000,튀르키예공장,타이어,435
현대,아반떼,가솔린 2.0 터보 플랫파워,Avante N,준중형,가솔린,세단,4710,1825,1420,1998,1235,118,10,59930000,울산공장,ABS 모듈,415
현대,아반떼,가솔린 2.0 터보 플랫파워,Avante N,준중형,가솔린,세단,4710,1825,1420,1998,1235,118,10,59930000,울산공장,헤드램프,144
현대,아반떼,가솔린 2.0 터보 플랫파워,Avante N,준중형,가솔린,세단,4710,1825,1420,1998,1235,118,10,59930000,울산공장,에어컨 컴프레서,215
현대,아반떼,가솔린 2.0 터보 플랫파워,Avante N,준중형,가솔린,세단,4710,1825,1420,1998,1235,118,10,59930000,울산공장,모터,81
현대,아반떼,가솔린 2.0 터보 플랫파워,Avante N,준중형,가솔린,세단,4710,1825,1420,1998,1235,118,10,59930000,울산공장,서스펜션,60
현대,베뉴,기본,프리미엄,소형 ,휘발유,SUV,4040,1770,1585,1598,1180,125,14,23700000,튀르키예공장,서스펜션,450
현대,베뉴,기본,프리미엄,소형 ,휘발유,SUV,4040,1770,1585,1598,1180,125,14,23700000,튀르키예공장,인포테인먼트,125
현대,베뉴,기본,프리미엄,소형 ,휘발유,SUV,4040,1770,1585,1598,1180,125,14,23700000,튀르키예공장,변속기,426
현대,베뉴,기본,프리미엄,소형 ,휘발유,SUV,4040,1770,1585,1598,1180,125,14,23700000,튀르키예공장,모터,95
현대,베뉴,기본,프리미엄,소형 ,휘발유,SUV,4040,1770,1585,1598,1180,125,14,23700000,튀르키예공장,브레이크 시스템,209
현대,베뉴,기본,FLUX,소형 ,휘발유,SUV,4040,1770,1585,1598,1215,125,14,59880000,울산공장,헤드램프,51
현대,베뉴,기본,FLUX,소형 ,휘발유,SUV,4040,1770,1585,1598,1215,125,14,59880000,울산공장,브레이크 시스템,274
현대,베뉴,기본,FLUX,소형 ,휘발유,SUV,4040,1770,1585,1598,1215,125,14,59880000,울산공장,변속기,338
현대,베뉴,기본,FLUX,소형 ,휘발유,SUV,4040,1770,1585,1598,1215,125,14,59880000,울산공장,서스펜션,282
현대,베뉴,기본,FLUX,소형 ,휘발유,SUV,4040,1770,1585,1598,1215,125,14,59880000,울산공장,모터,463
현대,넥쏘,기본,프리미엄,중형,수소,SUV,4670,1860,1630,0,1840,0,0,17060000,울산공장,타이어,155
현대,넥쏘,기본,프리미엄,중형,수소,SUV,4670,1860,1630,0,1840,0,0,17060000,울산공장,브레이크 시스템,424
현대,넥쏘,기본,프리미엄,중형,수소,SUV,4670,1860,1630,0,1840,0,0,17060000,울산공장,헤드램프,477
현대,넥쏘,기본,프리미엄,중형,수소,SUV,4670,1860,1630,0,1840,0,0,17060000,울산공장,변속기,354
현대,넥쏘,기본,프리미엄,중형,수소,SUV,4670,1860,1630,0,1840,0,0,17060000,울산공장,서스펜션,409
현대,캐스퍼,일렉트릭,프리미엄,전기,경차,SUV,3625,1625,1575,0,1300,0,6,66340000,전주공장,변속기,367
현대,캐스퍼,일렉트릭,프리미엄,전기,경차,SUV,3625,1625,1575,0,1300,0,6,66340000,전주공장,타이어,160
현대,캐스퍼,일렉트릭,프리미엄,전기,경차,SUV,3625,1625,1575,0,1300,0,6,66340000,전주공장,에어컨 컴프레서,300
현대,캐스퍼,일렉트릭,프리미엄,전기,경차,SUV,3625,1625,1575,0,1300,0,6,66340000,전주공장,모터,432
현대,캐스퍼,일렉트릭,프리미엄,전기,경차,SUV,3625,1625,1575,0,1300,0,6,66340000,전주공장,서스펜션,56
현대,캐스퍼,일렉트릭,인스퍼레이션,전기,경차,SUV,3625,1625,1575,0,1335,0,6,29840000,튀르키예공장,변속기,237
현대,캐스퍼,일렉트릭,인스퍼레이션,전기,경차,SUV,3625,1625,1575,0,1335,0,6,29840000,튀르키예공장,배터리,411
현대,캐스퍼,일렉트릭,인스퍼레이션,전기,경차,SUV,3625,1625,1575,0,1335,0,6,29840000,튀르키예공장,헤드램프,63
현대,캐스퍼,일렉트릭,인스퍼레이션,전기,경차,SUV,3625,1625,1575,0,1335,0,6,29840000,튀르키예공장,브레이크 시스템,61
현대,캐스퍼,일렉트릭,인스퍼레이션,전기,경차,SUV,3625,1625,1575,0,1335,0,6,29840000,튀르키예공장,서스펜션,136
현대,캐스퍼,일렉트릭,크로스,전기,경차,SUV,3625,1625,1575,0,1370,0,5,23630000,앨라배마공장,인포테인먼트,232
현대,캐스퍼,일렉트릭,크로스,전기,경차,SUV,3625,1625,1575,0,1370,0,5,23630000,앨라배마공장,서스펜션,337
현대,캐스퍼,일렉트릭,크로스,전기,경차,SUV,3625,1625,1575,0,1370,0,5,23630000,앨라배마공장,변속기,356
현대,캐스퍼,일렉트릭,크로스,전기,경차,SUV,3625,1625,1575,0,1370,0,5,23630000,앨라배마공장,배터리,349
현대,캐스퍼,일렉트릭,크로스,전기,경차,SUV,3625,1625,1575,0,1370,0,5,23630000,앨라배마공장,에어컨 컴프레서,131
현대,캐스퍼,기본,스마트,가솔린,경차,SUV,3625,1625,1575,998,995,99,14,42900000,브라질공장,서스펜션,292
현대,캐스퍼,기본,스마트,가솔린,경차,SUV,3625,1625,1575,998,995,99,14,42900000,브라질공장,헤드램프,84
현대,캐스퍼,기본,스마트,가솔린,경차,SUV,3625,1625,1575,998,995,99,14,42900000,브라질공장,에어컨 컴프레서,494
현대,캐스퍼,기본,스마트,가솔린,경차,SUV,3625,1625,1575,998,995,99,14,42900000,브라질공장,인포테인먼트,142
현대,캐스퍼,기본,스마트,가솔린,경차,SUV,3625,1625,1575,998,995,99,14,42900000,브라질공장,배터리,487
현대,캐스퍼,기본,디 에센셜,가솔린,경차,SUV,3625,1625,1575,998,1050,99,14,20630000,체코공장,인포테인먼트,453
현대,캐스퍼,기본,디 에센셜,가솔린,경차,SUV,3625,1625,1575,998,1050,99,14,20630000,체코공장,헤드램프,342
현대,캐스퍼,기본,디 에센셜,가솔린,경차,SUV,3625,1625,1575,998,1050,99,14,20630000,체코공장,모터,53
현대,캐스퍼,기본,디 에센셜,가솔린,경차,SUV,3625,1625,1575,998,1050,99,14,20630000,체코공장,브레이크 시스템,269
현대,캐스퍼,기본,디 에센셜,가솔린,경차,SUV,3625,1625,1575,998,1050,99,14,20630000,체코공장,변속기,413
현대,캐스퍼,기본,인스퍼레이션,가솔린,경차,SUV,3625,1625,1575,998,1070,99,14,66160000,울산공장,ABS 모듈,277
현대,캐스퍼,기본,인스퍼레이션,가솔린,경차,SUV,3625,1625,1575,998,1070,99,14,66160000,울산공장,변속기,115
현대,캐스퍼,기본,인스퍼레이션,가솔린,경차,SUV,3625,1625,1575,998,1070,99,14,66160000,울산공장,헤드램프,384
현대,캐스퍼,기본,인스퍼레이션,가솔린,경차,SUV,3625,1625,1575,998,1070,99,14,66160000,울산공장,타이어,467
현대,캐스퍼,기본,인스퍼레이션,가솔린,경차,SUV,3625,1625,1575,998,1070,99,14,66160000,울산공장,서스펜션,469
